"","CCFPT.1A","CCFPT.1B","CCFPT.1C","CCFPT.1D","CCFPT.1E","CCFPT.1F","CCFPT.1G","CCFPT.2A","CCFPT.2B","CCFPT.2C","CCFPT.2D","CCFPT.2E","CCFPT.3A","CCFPT.3B","CCFPT.3C","CCFPT.3D","CCFPT.3E","CCFPT.3F","CCFPT.3G","CCFPT.4A","CCFPT.4B","CCFPT.4C","CCFPT.4D","CCFPT.5A","CCFPT.5B","CCFPT.5C","CCFPT.5D","CCFPT.5F","CCFPT.5G","CCFPT.6A","CCFPT.6C","CCFPT.6D","CCFPT.6F","CCFPT.6G","CCFPT.7A","CCFPT.7B","CCFPT.7C","CCFPT.7D","CCFPT.7F","CCFPT.7G","CCFPT.8A","CCFPT.8B","CCFPT.8C","CCFPT.8D","CCFPT.8E"
"ASV365",32,15,40,0,19,0,4,0,0,0,0,0,0,29,0,0,10,0,0,0,0,0,0,0,0,4,0,0,4,0,0,0,0,0,0,31,0,0,0,0,11,0,0,0,37
"ASV351",0,0,0,0,0,0,0,0,0,0,0,0,0,8,0,0,4,0,0,0,0,0,0,0,0,0,0,0,0,0,0,0,0,0,0,253,0,0,0,0,0,0,0,0,0
"ASV382",21,21,45,15,23,3,10,0,0,0,0,49,0,0,0,0,4,0,0,0,0,0,0,0,0,0,0,0,0,0,0,0,0,0,0,0,0,0,0,0,0,0,0,0,11
"ASV265",0,83,105,0,0,0,0,0,0,0,0,0,0,0,0,0,0,0,0,0,0,0,0,0,0,0,0,0,0,0,110,0,244,0,0,0,0,0,0,0,0,0,0,0,75
"ASV288",17,49,46,0,24,0,18,0,0,0,0,0,0,0,0,0,23,0,0,0,0,0,0,0,0,0,0,0,0,0,80,20,146,49,0,0,0,0,0,0,0,0,0,0,0
"ASV152",47,101,104,50,0,0,0,0,0,0,0,0,0,0,0,0,0,0,0,0,0,0,0,0,0,0,0,0,0,0,388,322,1265,423,0,0,0,0,0,0,87,0,0,0,76
"ASV245",0,0,0,0,0,0,0,0,0,0,0,0,0,0,0,0,0,0,0,0,0,0,0,0,0,0,0,0,0,0,269,123,386,113,0,0,0,0,0,0,0,0,0,0,0
"ASV464",0,24,24,0,0,0,0,0,0,0,0,0,0,0,0,0,0,0,0,0,0,0,0,0,0,0,0,0,0,0,0,0,71,0,0,0,0,0,0,0,0,0,0,0,0
"ASV25",4675,8277,8659,3991,4713,1987,2903,425,236,1070,139,309,63,223,326,123,1772,256,635,182,611,564,649,20,231,1300,181,1489,447,31,8346,5083,21389,7452,249,778,161,102,111,80,1624,526,753,982,2714
"ASV229",176,239,295,78,112,0,86,0,0,0,0,0,0,0,0,0,51,0,0,0,0,0,0,0,0,0,0,0,0,0,0,0,0,0,0,47,0,0,0,0,0,0,0,0,0
"ASV379",0,0,63,0,0,0,0,0,0,0,0,0,0,0,0,0,0,0,0,0,0,0,0,0,0,0,0,0,0,0,0,0,145,0,0,0,0,0,0,0,0,0,0,0,0
"ASV311",0,95,96,0,60,0,0,0,0,0,0,0,0,0,0,0,0,0,0,0,0,0,0,0,0,0,0,0,0,0,0,0,117,0,0,0,0,0,0,0,0,0,0,0,0
"ASV264",0,82,102,0,0,0,0,0,0,0,0,0,0,0,0,0,0,0,0,0,0,0,0,0,0,0,0,0,0,0,106,0,205,72,0,0,0,0,0,0,0,0,0,0,56
"ASV316",74,93,128,0,53,0,0,0,0,0,0,0,0,0,0,0,0,0,0,0,0,0,0,0,0,0,0,0,0,0,0,0,0,0,0,0,0,0,0,0,0,0,0,0,0
"ASV197",0,0,0,0,0,0,0,64,0,0,0,0,0,0,0,0,0,0,0,0,0,0,35,0,0,0,0,0,0,0,1307,0,44,0,0,0,0,0,0,0,0,0,0,0,75
"ASV42",4454,5581,7402,1691,2638,550,1587,235,25,40,0,45,15,1430,142,102,372,170,386,5,10,39,346,8,104,331,54,73,213,0,9478,304,1062,287,11,2718,30,29,28,16,1130,92,243,187,2228
"ASV430",0,0,0,0,0,0,0,0,0,0,0,0,0,0,0,0,0,0,0,0,0,0,0,0,0,0,0,0,0,0,0,0,70,30,0,0,0,0,0,0,0,0,0,0,49
"ASV1480",0,1,1,0,1,0,0,0,0,0,0,0,0,0,0,0,0,0,0,0,0,0,0,0,0,0,0,0,0,0,0,0,0,0,0,0,0,0,0,0,0,0,0,0,0
"ASV70",1334,300,246,100,177,68,96,20,8,937,7,211,58,66,385,102,327,82,250,9,22,692,497,37,222,2786,183,406,176,0,69,27,108,38,18,551,21,12,9,12,2493,0,128,120,1707
"ASV127",65,102,52,78,45,61,34,13,38,42,0,37,57,44,219,63,604,48,329,0,22,9,24,49,153,75,8,249,73,24,113,70,287,87,255,107,33,13,19,53,149,165,50,159,154
"ASV338",0,0,0,0,0,0,0,0,0,0,0,0,0,0,55,0,96,0,53,0,0,0,0,0,0,0,0,0,0,0,0,0,0,0,57,0,0,0,0,0,0,32,0,0,0
"ASV1210",2,1,1,0,0,0,0,1,0,0,0,0,0,0,0,0,0,0,0,0,0,0,0,0,0,0,0,0,0,0,0,0,0,0,0,0,0,0,0,0,0,2,0,0,0
"ASV247",0,0,0,0,0,0,0,0,0,0,0,0,0,0,52,0,144,0,79,0,0,0,0,0,86,0,0,163,46,0,0,0,59,0,87,0,0,0,0,0,0,0,0,48,55
"ASV122",43,8,22,17,14,7,0,7,18,19,0,9,68,21,60,35,176,76,142,0,12,6,49,52,91,785,78,175,184,0,21,0,19,0,19,139,29,12,16,0,1364,236,56,268,455
"ASV201",0,0,0,0,0,0,0,0,0,0,0,0,0,0,0,0,122,0,63,0,0,0,0,77,216,42,27,477,129,0,0,0,86,0,73,0,0,0,0,0,0,57,0,0,62
"ASV50",353,603,341,462,341,361,212,71,193,335,86,293,412,399,1737,424,4245,399,2109,59,131,84,102,282,864,470,103,1646,469,120,701,399,1570,646,1787,725,261,84,137,332,1028,1333,231,922,865
"ASV273",0,0,0,0,0,0,0,0,0,0,0,0,0,0,73,0,203,0,84,0,0,0,0,0,0,0,0,0,0,0,0,0,0,0,59,0,0,0,0,0,0,53,0,49,49
"ASV345",0,0,0,0,0,0,0,0,0,0,0,0,0,0,0,0,0,0,0,0,0,0,0,0,0,0,0,0,0,0,0,0,0,0,74,0,0,63,85,36,0,14,0,0,9
"ASV409",0,0,0,0,0,0,0,0,0,0,0,0,0,0,0,0,0,0,0,0,0,0,0,0,0,0,0,0,0,0,0,0,0,0,51,0,22,49,53,0,0,0,0,0,0
"ASV251",0,0,0,0,0,0,0,0,0,0,0,0,0,0,0,0,0,0,0,0,0,0,0,0,0,0,0,0,0,0,130,0,268,300,0,0,0,0,0,0,0,0,0,0,87
"ASV3",1219,4677,1669,2726,1751,2119,1247,1923,7320,9974,3301,7422,2957,6814,14301,4843,48071,4157,20535,726,2216,1346,1550,1760,5229,2448,514,7079,2473,5257,13606,10053,31838,34155,43179,1699,1012,684,1240,3545,5063,16463,1737,10417,9552
"ASV115",0,0,0,0,0,0,0,0,121,117,0,0,0,0,196,0,600,0,290,0,0,0,0,0,70,0,0,80,0,117,445,345,1244,764,685,0,0,0,0,0,0,114,0,0,0
"ASV200",0,0,0,0,0,0,0,0,0,0,0,0,0,182,142,74,729,87,223,0,0,0,0,0,0,0,0,0,0,0,0,0,0,0,0,0,0,0,0,0,0,0,0,0,0
"ASV132",0,93,0,0,0,0,0,0,0,0,0,0,0,74,216,71,593,69,280,0,0,0,0,59,90,0,0,157,0,0,156,121,252,567,446,0,0,0,0,0,0,197,0,132,0
"ASV175",0,0,0,0,0,0,0,0,0,0,0,0,36,246,147,136,897,136,355,0,0,0,0,0,0,0,0,0,0,0,0,0,0,0,0,0,0,0,0,0,0,0,0,0,0
"ASV299",0,0,0,0,0,0,0,0,0,16,0,0,0,0,0,0,54,0,0,0,0,0,0,0,0,0,0,0,0,0,0,0,33,0,85,0,0,0,0,0,37,69,0,72,56
"ASV196",0,0,0,0,0,0,0,0,0,0,0,0,0,200,121,122,671,117,303,0,0,0,0,0,0,0,0,0,0,0,0,0,0,0,0,0,0,0,0,0,0,0,0,0,0
"ASV348",0,0,0,0,0,0,0,0,0,0,0,0,0,0,0,0,0,0,0,0,0,0,0,0,0,0,0,0,0,0,0,0,0,0,178,0,0,0,0,0,0,0,0,0,96
"ASV86",0,103,0,66,0,0,0,70,280,371,110,177,91,93,384,81,1366,82,546,0,104,72,0,0,186,94,0,258,96,157,440,317,983,964,1376,0,0,0,0,128,136,490,0,247,192
"ASV88",0,189,64,134,70,84,48,55,166,267,77,175,57,74,279,0,887,0,371,0,0,0,0,0,115,65,0,158,75,187,678,454,1588,1317,1277,0,0,0,74,144,0,332,0,217,289
"ASV312",0,0,0,0,0,0,0,0,0,0,0,0,0,0,0,0,0,0,0,0,0,0,0,0,0,0,0,0,0,0,0,0,0,219,98,0,0,0,0,0,0,39,0,0,0
"ASV306",0,0,0,0,0,0,0,0,0,0,0,0,0,0,0,0,0,0,0,0,0,0,0,0,0,0,0,0,0,0,0,0,0,0,166,0,3,67,71,53,0,27,0,0,0
"ASV271",157,45,85,0,61,0,43,0,0,187,0,0,0,0,0,0,0,0,0,0,0,0,0,0,0,0,0,0,0,0,0,0,0,0,0,0,0,0,0,0,0,0,0,0,0
"ASV38",7893,2225,3430,1386,2977,684,1685,26,105,1427,12,675,69,143,256,969,612,122,704,44,95,328,331,60,198,1034,135,476,384,12,3228,371,1652,505,190,14683,23,6,6,13,291,59,207,460,5331
"ASV159",320,92,165,53,117,0,66,0,0,0,0,0,0,0,0,0,0,0,0,0,0,0,0,0,0,0,0,0,0,0,419,0,113,34,0,493,0,0,0,0,0,0,0,52,612
"ASV302",0,0,0,0,0,0,0,0,0,0,0,0,0,0,0,0,0,0,0,0,0,0,0,0,0,0,0,0,0,0,0,0,54,0,0,272,0,0,0,0,0,0,0,0,81
"ASV329",70,75,103,0,0,0,0,0,0,0,0,0,0,0,0,0,0,0,0,0,0,0,0,0,0,0,0,0,0,0,0,0,0,0,0,64,0,0,0,0,0,0,0,0,0
"ASV73",1976,2013,2736,659,1058,200,645,0,0,29,0,319,0,304,34,32,126,18,27,0,0,0,0,0,40,77,0,0,0,0,1499,19,67,11,13,1528,39,39,39,33,143,16,40,36,281
"ASV380",62,50,95,0,0,0,0,0,0,0,0,0,0,0,0,0,0,0,0,0,0,0,0,0,0,0,0,0,0,0,0,0,0,0,0,0,0,0,0,0,0,0,0,0,0
"ASV467",0,58,58,0,0,0,0,0,0,0,0,0,0,0,0,0,0,0,0,0,0,0,0,0,0,0,0,0,0,0,0,0,0,0,0,0,0,0,0,0,0,0,0,0,0
"ASV358",62,65,118,0,0,0,0,0,0,0,0,0,0,0,0,0,0,0,0,0,0,0,0,0,0,0,0,0,0,0,0,0,0,0,0,0,0,0,0,0,0,0,0,0,0
"ASV433",121,0,16,0,10,0,0,0,0,0,0,0,0,0,0,0,0,0,0,0,0,0,0,0,0,0,0,0,0,0,0,0,0,0,0,0,0,0,0,0,0,0,0,0,0
"ASV447",31,0,0,0,0,0,0,0,0,0,0,0,0,0,0,24,24,0,33,0,0,0,0,0,0,0,0,0,0,0,0,0,9,8,7,0,0,0,0,0,0,0,0,0,0
"ASV242",0,0,0,0,0,0,0,0,0,0,0,0,0,0,0,26,22,0,24,0,0,0,0,0,0,0,0,0,0,0,0,0,0,0,0,0,0,0,0,0,22,37,40,225,525
"ASV349",0,0,0,0,0,0,0,0,0,0,0,0,0,0,0,0,0,0,0,0,0,0,0,0,0,0,0,0,0,0,0,0,0,0,0,0,0,0,0,0,0,0,0,59,214
"ASV261",0,0,0,0,0,0,0,0,0,0,0,0,0,0,41,0,143,0,51,0,0,0,0,0,0,0,0,0,0,0,0,0,0,0,211,0,0,0,0,0,0,0,0,0,192
"ASV108",144,360,154,178,125,148,104,0,0,39,0,0,51,0,186,61,870,0,269,0,0,0,29,0,59,27,0,162,59,49,59,34,156,96,1311,0,0,0,0,174,141,320,77,409,753
"ASV228",0,0,0,0,0,0,0,0,0,0,0,0,0,61,103,68,573,55,214,0,0,0,0,0,0,0,0,0,0,0,0,0,0,0,7,0,0,0,0,0,0,0,0,0,5
"ASV290",0,0,0,0,0,0,0,0,0,0,0,0,0,0,33,6,136,0,37,0,0,0,0,0,0,0,0,0,0,0,0,0,0,0,168,0,0,0,0,0,0,0,0,0,88
"ASV217",0,0,0,0,0,0,0,0,0,0,0,0,0,79,123,88,650,60,241,0,0,0,0,0,0,0,0,0,0,0,0,0,0,0,0,0,0,0,0,0,0,0,0,0,0
"ASV165",0,0,0,0,0,0,0,0,0,0,0,0,58,165,229,128,1090,117,408,0,0,0,0,0,0,0,0,0,0,0,0,0,0,0,0,0,0,0,0,0,0,0,0,0,0
"ASV46",309,656,285,377,276,250,164,15,55,101,17,295,514,928,1843,961,9284,680,3315,30,53,35,71,42,147,0,0,476,121,161,131,63,300,210,3503,58,11,0,64,374,284,614,113,768,2169
"ASV234",0,0,0,0,0,0,0,0,0,0,0,0,0,74,115,66,532,46,190,0,0,0,0,0,0,0,0,0,0,0,0,0,0,0,0,0,0,0,0,0,0,0,0,0,0
"ASV342",0,0,0,0,0,0,0,0,0,0,0,0,0,0,0,0,0,0,0,0,0,0,0,0,0,0,0,0,0,0,0,0,0,0,0,0,0,0,0,0,43,185,0,57,0
"ASV178",0,0,0,0,0,0,0,0,0,0,0,0,0,0,0,0,0,0,0,0,0,0,0,0,0,0,0,0,0,0,0,0,0,0,0,0,0,0,0,0,428,556,188,454,258
"ASV2",9818,10451,7464,7789,6487,6215,4920,3649,6262,9919,3210,5767,2233,3405,2322,2094,1611,1244,3356,2846,14780,8166,7933,5093,10767,15893,6801,11202,4448,35265,21618,13433,16991,25804,24343,2988,3623,10709,13498,8087,11763,14378,4225,13512,9653
"ASV51",668,832,464,513,379,362,285,257,471,937,243,470,103,67,92,82,58,53,164,224,1157,662,578,335,653,434,461,963,279,1434,1402,722,1077,1657,1794,238,319,968,1184,671,1145,1076,438,1371,996
"ASV47",643,758,480,568,393,335,229,300,559,931,259,602,116,75,86,81,45,0,139,248,1231,672,561,325,634,467,413,1048,217,1603,1489,787,1062,1760,1143,219,315,961,1190,598,1296,1072,512,1514,1142
"ASV30",2058,1353,1285,142,286,53,178,716,901,987,268,952,138,1541,390,462,1195,367,455,32,58,37,169,1072,2817,25012,1744,966,911,1043,2290,1472,2892,3502,1314,13651,6758,2154,1838,470,670,48,124,79,126
"ASV216",0,0,0,0,0,0,0,232,285,334,84,321,0,0,0,0,0,0,0,0,0,0,0,0,0,0,0,0,0,0,0,0,0,0,0,0,0,0,0,0,0,0,0,0,0
"ASV980",0,7,6,0,0,0,0,0,0,0,0,0,0,0,0,0,0,0,0,0,0,0,0,0,0,0,0,0,0,0,0,0,0,0,0,0,0,0,0,0,0,0,0,0,0
"ASV13",0,0,0,0,0,0,0,589,2269,1707,1028,2171,2326,14442,11339,7656,20166,6361,8649,0,0,0,58,3546,8873,35815,9048,7648,4830,0,0,10,0,0,0,0,0,0,0,3,0,0,0,0,0
"ASV11",93,126,107,141,97,47,74,2553,2841,3823,2467,1749,1212,1317,1857,1597,1874,1138,1000,529,984,637,7578,2521,5495,18421,8185,4280,5697,6237,18325,8685,12957,6849,9906,2364,8859,6353,7982,2913,252,257,70,118,68
"ASV169",0,0,0,0,0,0,0,0,0,0,0,0,0,0,0,0,0,0,0,0,0,0,0,0,0,0,0,0,0,362,290,196,225,284,0,0,0,0,0,0,250,328,91,96,0
"ASV7",23382,14974,12384,9069,7870,4815,6898,129,117,121,112,60,1399,1149,2015,841,850,554,542,4156,5963,3878,2953,1137,1619,3112,1934,1024,1072,15502,12237,7525,10589,10532,1581,412,1311,1404,1715,666,15556,20283,3800,6371,1859
"ASV40",0,0,0,0,0,0,0,250,592,649,453,314,426,1349,1228,731,818,578,462,59,347,134,207,1361,2237,3405,1921,1888,2055,0,0,0,0,0,7692,1432,4265,4530,6299,2936,25,160,19,41,0
"ASV23",3490,6212,5658,5397,2808,2146,2518,317,276,176,193,227,572,619,884,500,560,351,304,2406,4545,2352,4026,360,411,1197,469,400,462,8026,2351,2684,4245,7471,3117,868,2716,2720,3179,1205,4229,4423,806,1417,396
"ASV72",139,331,99,125,80,46,39,119,155,74,97,119,165,126,233,146,224,168,146,420,526,352,682,36,61,160,71,61,45,253,94,67,163,196,512,113,211,212,294,120,2874,2029,591,960,500
"ASV77",55,254,649,939,1609,1661,1093,0,0,0,0,0,22,11,8,13,8,35,128,526,334,442,739,9,0,13,16,8,9,44,0,84,44,210,0,0,0,0,0,0,197,44,961,749,2396
"ASV241",0,0,0,0,0,0,0,0,0,0,0,0,0,0,0,0,0,0,0,0,0,0,0,0,0,10,0,0,0,0,0,0,0,0,0,0,0,0,0,0,124,390,94,203,105
"ASV39",228,66,156,182,270,272,189,237,1565,1386,928,1646,265,347,65,219,19,490,489,1230,809,1407,2032,1777,256,1556,2016,2027,544,1372,37,397,66,187,3236,1510,2732,6997,6586,3761,497,54,404,471,374
"ASV308",0,0,0,0,0,0,0,0,0,0,0,0,0,0,0,0,0,0,0,0,0,0,0,22,71,200,22,36,26,0,0,0,0,0,0,0,0,0,0,0,0,0,0,0,0
"ASV413",23,12,27,0,11,0,5,9,19,16,7,22,0,0,0,0,0,0,0,0,0,0,0,0,0,6,0,0,0,0,9,0,0,0,0,0,0,0,0,0,0,0,0,0,0
"ASV112",104,293,221,195,171,79,132,24,64,82,39,48,194,97,147,100,141,117,78,52,33,35,136,58,72,172,168,68,82,219,194,105,81,365,110,34,251,208,220,47,48,77,49,131,40
"ASV742",11,15,0,0,5,0,0,0,0,0,0,0,0,0,0,0,0,0,0,0,0,0,0,0,0,0,0,0,0,0,0,0,0,0,0,0,0,0,0,0,0,0,0,0,0
"ASV164",0,0,0,0,0,0,0,46,65,60,45,34,34,56,130,33,30,16,28,0,0,0,0,66,96,431,412,88,84,0,0,0,0,0,63,11,87,84,90,32,27,12,15,33,8
"ASV385",0,0,0,0,0,0,0,0,0,0,0,0,0,0,0,0,0,0,0,0,0,0,0,0,0,112,89,0,0,0,0,0,0,0,0,0,0,0,0,0,0,0,0,0,0
"ASV779",0,0,0,0,0,0,0,11,0,0,0,0,0,0,0,0,0,0,0,0,0,0,0,0,0,0,0,16,0,0,0,0,0,0,0,0,0,0,0,0,0,0,0,0,0
"ASV1066",0,0,0,0,0,0,0,0,0,0,0,0,0,0,0,0,0,0,0,0,0,0,5,0,0,6,0,0,0,0,0,0,0,0,0,0,0,0,0,0,0,0,0,0,0
"ASV906",0,0,0,0,0,0,0,0,0,0,0,0,0,0,0,0,0,0,0,0,6,0,0,0,7,4,0,0,0,0,0,0,0,0,0,0,0,0,0,0,0,0,0,0,0
"ASV650",0,0,0,0,0,0,0,30,0,7,0,0,0,0,0,0,0,0,0,0,10,0,0,0,0,0,0,0,0,0,0,0,0,0,0,0,0,0,0,0,0,0,0,0,0
"ASV612",0,0,0,0,0,0,0,33,0,22,0,0,0,0,0,0,0,0,0,0,0,0,0,0,0,0,0,0,0,0,0,0,0,0,0,0,0,0,0,0,0,0,0,0,0
"ASV458",0,0,0,0,0,0,0,83,0,41,0,0,0,0,0,0,0,0,0,0,0,0,0,0,0,0,0,0,0,0,0,0,0,0,0,0,0,0,0,0,0,0,0,0,0
"ASV187",0,27,0,0,11,0,0,972,85,357,0,0,0,0,0,0,0,0,0,0,0,0,0,0,0,100,0,0,35,0,21,0,30,0,0,0,0,0,0,0,0,0,0,0,0
"ASV322",0,0,0,0,0,0,0,184,11,63,0,0,0,0,0,0,0,0,0,0,55,0,0,0,0,0,0,0,8,0,0,0,0,0,0,0,0,0,0,0,0,0,0,0,0
"ASV238",9,26,0,11,0,8,10,461,55,228,0,0,0,0,0,0,0,0,0,0,20,7,0,3,0,33,0,0,0,15,6,0,8,9,8,0,0,13,0,0,0,10,0,0,0
"ASV547",0,0,0,0,0,0,0,45,0,30,0,0,0,0,0,0,0,0,0,0,0,0,0,0,0,0,0,0,0,0,0,0,0,0,0,0,0,0,0,0,0,0,0,0,0
"ASV252",0,0,0,0,0,0,0,344,72,177,0,9,0,0,0,0,0,0,0,0,0,0,0,0,0,0,0,0,159,0,0,0,0,0,0,0,0,0,0,0,0,0,0,0,0
"ASV95",0,0,0,0,0,0,0,24,0,64,72,0,0,0,0,0,0,0,0,0,0,0,0,0,137,0,0,55,8254,0,0,0,0,0,0,0,0,0,0,0,0,0,0,0,0
"ASV1336",0,0,0,0,0,0,0,4,0,1,0,0,0,0,0,0,0,0,0,0,0,0,0,0,0,0,0,0,0,0,0,0,0,0,0,0,0,0,0,0,0,0,0,0,0
"ASV913",8,8,0,0,0,0,0,0,0,0,0,0,0,0,0,0,0,0,0,0,0,0,0,0,0,0,0,0,0,0,0,0,0,0,0,0,0,0,0,0,0,0,0,0,0
"ASV1151",0,0,0,0,0,0,0,0,0,0,0,0,0,0,0,0,0,0,0,0,0,0,0,0,0,0,0,0,0,0,0,3,0,0,0,0,0,0,0,0,0,6,0,0,0
"ASV482",0,0,9,0,0,3,0,0,0,0,0,0,0,0,0,0,0,0,0,0,0,0,7,0,0,26,0,0,0,0,10,0,10,0,0,0,5,9,8,0,0,10,2,4,0
"ASV925",0,0,0,0,0,0,0,0,0,0,0,0,0,0,0,0,0,0,0,0,0,0,0,0,0,9,0,0,0,7,0,0,0,0,0,0,0,0,0,0,0,0,0,0,0
"ASV292",0,0,0,0,0,0,0,350,15,65,0,0,0,0,0,0,0,0,0,0,0,0,0,0,0,0,0,0,0,0,0,0,0,0,0,0,0,0,0,0,0,0,0,0,0
"ASV582",0,0,0,0,0,0,0,27,8,22,0,0,0,0,0,0,0,0,0,0,7,0,0,0,0,0,0,0,0,0,0,0,0,0,0,0,0,0,0,0,0,0,0,0,0
"ASV628",0,0,0,0,0,0,0,39,0,0,0,13,0,0,0,0,0,0,0,0,0,0,0,0,0,0,0,0,0,0,0,0,0,0,0,0,0,0,0,0,0,0,0,0,0
"ASV554",0,0,0,0,0,0,0,24,17,32,0,0,0,0,0,0,0,0,0,0,0,0,0,0,0,0,0,0,0,0,0,0,0,0,0,0,0,0,0,0,0,0,0,0,0
"ASV501",0,0,0,0,0,0,0,51,0,38,4,0,0,0,0,0,0,0,0,0,0,0,0,0,0,0,0,0,0,0,0,0,0,0,0,0,0,0,0,0,0,0,0,0,0
"ASV676",0,0,0,0,0,0,0,0,0,0,0,0,0,0,0,0,0,0,0,0,21,0,0,0,0,0,0,21,0,0,0,0,0,0,0,0,0,0,0,0,0,0,0,0,0
"ASV887",0,0,0,0,0,0,0,10,0,0,0,8,0,0,0,0,0,0,0,0,0,0,0,0,0,0,0,0,0,0,0,0,0,0,0,0,0,0,0,0,0,0,0,0,0
"ASV543",0,0,0,0,0,0,0,40,0,36,0,0,0,0,0,0,0,0,0,0,0,0,0,0,0,0,0,0,0,0,0,0,0,0,0,0,0,0,0,0,0,0,0,0,0
"ASV262",0,10,0,3,4,0,0,0,0,0,0,0,0,0,0,7,20,0,5,0,5,11,69,0,3,247,29,14,9,18,24,8,18,14,13,3,9,14,11,0,3,43,0,13,0
"ASV581",0,0,0,0,0,0,0,36,0,28,0,0,0,0,0,0,0,0,0,0,0,0,0,0,0,0,0,0,0,0,0,0,0,0,0,0,0,0,0,0,0,0,0,0,0
"ASV377",0,0,0,0,0,0,0,41,10,20,0,0,0,0,0,0,0,0,0,0,0,0,0,0,0,0,0,0,141,0,0,0,0,0,0,0,0,0,0,0,0,0,0,0,0
"ASV521",0,0,0,0,0,0,0,27,0,0,0,0,0,0,0,0,0,0,0,0,0,0,0,0,0,0,0,0,59,0,0,0,0,0,0,0,0,0,0,0,0,0,0,0,0
"ASV330",0,0,0,0,0,0,0,145,33,86,0,0,0,0,0,0,0,0,0,0,0,0,0,0,0,0,0,13,32,0,0,0,0,0,0,0,0,0,0,0,0,0,0,0,0
"ASV435",0,0,0,0,0,0,0,104,0,43,0,0,0,0,0,0,0,0,0,0,0,0,0,0,0,0,0,0,0,0,0,0,0,0,0,0,0,0,0,0,0,0,0,0,0
"ASV570",0,0,0,0,0,0,0,49,0,8,0,0,0,0,0,0,0,0,0,0,0,0,0,0,0,0,0,0,9,0,0,0,0,0,0,0,0,0,0,0,0,0,0,0,0
"ASV758",0,0,0,0,0,0,0,0,0,0,0,0,0,0,0,0,0,0,0,0,0,0,0,10,0,7,0,0,0,0,0,0,0,12,0,0,0,0,0,0,0,0,0,0,0
"ASV848",4,5,5,0,0,6,0,0,0,0,0,0,0,0,0,0,0,0,0,0,0,0,0,0,0,0,0,0,0,0,0,0,0,0,0,0,0,0,0,0,0,0,0,0,0
"ASV789",0,0,0,0,0,0,0,0,0,14,0,0,0,0,0,0,0,0,0,0,0,0,0,0,0,0,0,0,0,0,0,0,0,12,0,0,0,0,0,0,0,0,0,0,0
"ASV685",0,0,0,0,0,0,0,12,0,16,0,0,0,0,0,0,0,0,0,0,12,0,0,0,0,0,0,0,0,0,0,0,0,0,0,0,0,0,0,0,0,0,0,0,0
"ASV899",0,0,0,0,0,0,0,13,0,0,0,0,0,0,0,0,0,0,0,0,0,0,0,0,0,0,0,4,0,0,0,0,0,0,0,0,0,0,0,0,0,0,0,0,0
"ASV497",0,0,0,0,0,0,0,0,0,0,0,0,0,0,0,0,0,0,0,0,6,0,0,0,0,0,0,0,0,11,19,7,16,20,12,5,0,0,0,0,0,0,0,0,0
"ASV752",0,0,0,0,0,0,0,0,0,0,0,0,0,0,0,0,0,0,0,0,0,0,0,0,0,13,0,0,0,0,0,0,0,0,0,0,0,0,0,0,0,17,0,0,0
"ASV893",0,0,0,0,0,0,0,0,0,0,0,0,0,0,0,0,0,0,0,0,0,0,0,0,0,12,6,0,0,0,0,0,0,0,0,0,0,0,0,0,0,0,0,0,0
"ASV331",0,0,0,0,0,0,0,196,4,93,0,15,0,0,0,0,0,0,0,0,0,0,0,0,0,0,0,0,0,0,0,0,0,0,0,0,0,0,0,0,0,0,0,0,0
"ASV868",0,0,0,0,0,0,0,9,0,10,0,0,0,0,0,0,0,0,0,0,0,0,0,0,0,0,0,0,0,0,0,0,0,0,0,0,0,0,0,0,0,0,0,0,0
"ASV880",0,0,0,0,0,0,0,0,0,0,0,0,0,0,0,0,0,0,0,0,0,0,0,0,0,0,0,0,0,0,0,0,0,0,0,0,0,5,9,5,0,0,0,0,0
"ASV400",0,0,0,0,0,0,0,0,0,24,0,0,0,0,0,0,0,0,0,0,0,0,0,0,0,0,0,12,149,0,0,0,0,0,0,0,0,0,0,0,0,0,0,0,0
"ASV512",0,0,0,0,0,0,0,54,0,27,0,8,0,0,0,0,0,0,0,0,0,0,0,0,0,0,0,0,0,0,0,0,0,0,0,0,0,0,0,0,0,0,0,0,0
"ASV502",0,0,0,0,0,0,0,49,10,26,0,0,0,0,0,0,0,0,0,0,0,0,0,0,0,8,0,0,0,0,0,0,0,0,0,0,0,0,0,0,0,0,0,0,0
"ASV725",0,6,0,0,0,0,0,0,0,0,0,0,0,0,0,0,0,0,0,0,3,0,0,0,2,0,0,1,6,0,0,0,15,0,0,0,0,0,0,0,0,0,0,0,0
"ASV396",0,9,0,0,0,0,0,48,14,40,0,0,0,0,0,0,0,0,0,0,16,0,0,0,5,10,0,18,21,0,0,0,0,8,0,0,0,0,0,0,0,0,0,0,0
"ASV334",9,26,0,0,0,0,0,32,26,29,0,0,0,6,0,0,0,0,0,0,52,0,0,8,7,9,0,30,0,15,18,0,0,21,0,0,0,0,0,0,0,0,0,12,0
"ASV476",2,9,9,2,19,13,6,2,1,0,0,0,0,0,0,0,0,0,0,11,2,0,0,0,2,3,3,1,0,1,1,0,0,0,0,0,0,0,11,0,0,9,0,0,0
"ASV736",1,0,0,0,0,0,0,0,0,3,0,0,0,10,0,0,0,0,0,0,0,0,0,1,4,0,0,2,1,1,2,0,0,1,0,0,0,0,0,0,0,0,0,6,0
"ASV886",0,0,0,0,0,0,0,11,0,0,0,0,0,0,0,0,0,0,0,0,0,0,0,0,0,0,0,7,0,0,0,0,0,0,0,0,0,0,0,0,0,0,0,0,0
"ASV608",0,0,0,0,0,0,0,29,0,0,7,0,0,0,0,0,0,0,0,0,0,0,0,0,0,0,0,0,0,0,0,0,0,0,0,0,0,0,0,0,0,0,0,0,0
"ASV223",29,159,41,23,36,24,28,70,0,40,0,0,0,0,8,0,12,0,0,13,94,19,13,0,23,92,0,52,17,46,58,28,33,79,14,0,0,28,32,17,8,49,0,0,0
"ASV689",0,0,0,0,0,0,0,26,13,0,0,0,0,0,0,0,0,0,0,0,0,0,0,0,0,0,0,0,0,0,0,0,0,0,0,0,0,0,0,0,0,0,0,0,0
"ASV675",0,0,0,0,0,0,0,0,0,0,0,0,0,0,0,0,0,0,0,0,26,0,0,0,0,0,16,0,0,0,0,0,0,0,0,0,0,0,0,0,0,0,0,0,0
"ASV640",0,0,0,0,0,0,0,0,0,0,0,0,0,10,0,0,0,0,0,0,22,0,0,0,0,0,0,0,0,0,0,0,0,18,0,0,0,0,0,0,0,0,0,0,0
"ASV691",0,0,0,0,0,0,0,0,5,0,0,0,0,0,0,0,0,0,0,0,0,4,0,0,0,13,0,16,0,0,0,0,0,1,0,0,0,0,0,0,0,0,0,0,0
"ASV984",0,0,0,0,0,0,0,5,0,8,0,0,0,0,0,0,0,0,0,0,0,0,0,0,0,0,0,0,0,0,0,0,0,0,0,0,0,0,0,0,0,0,0,0,0
"ASV755",0,15,5,0,0,0,0,0,0,0,0,0,0,0,0,0,0,0,0,0,0,0,0,0,0,0,0,0,0,0,0,0,0,0,0,0,0,0,0,9,0,0,0,0,0
"ASV258",11,47,8,16,0,0,12,97,13,51,0,0,0,0,0,0,0,0,0,0,87,13,0,5,113,61,0,53,13,15,20,7,22,42,0,0,0,0,0,0,0,15,0,0,0
"ASV833",0,0,0,0,0,0,0,10,0,0,0,0,0,0,0,0,0,0,0,0,11,0,0,0,0,0,0,0,0,0,0,0,0,0,0,0,0,0,0,0,0,0,0,0,0
"ASV1100",0,0,0,0,0,0,0,0,0,0,0,0,0,0,0,0,0,0,0,0,7,0,0,0,0,0,0,3,0,0,0,0,0,0,0,0,0,0,0,0,0,0,0,0,0
"ASV716",0,0,0,0,0,0,0,0,0,0,0,0,0,0,0,0,0,0,0,0,0,0,0,0,0,0,0,0,0,0,9,0,0,27,0,0,0,0,0,0,0,0,0,0,0
"ASV1165",0,0,2,6,0,0,0,0,0,0,0,0,0,0,0,0,0,0,0,0,0,0,0,0,0,0,0,0,0,0,0,0,0,0,0,0,0,0,0,0,0,0,0,0,0
"ASV419",0,0,0,0,0,0,0,13,0,0,0,0,0,0,0,0,0,0,0,0,36,0,0,19,9,24,0,46,0,0,0,0,0,0,0,0,0,0,0,0,11,0,0,0,0
"ASV739",0,0,0,0,0,0,0,0,0,0,0,0,0,0,0,0,0,0,0,0,21,0,0,0,11,0,0,0,0,0,0,0,0,0,0,0,0,0,0,0,0,0,0,0,0
"ASV652",0,0,0,0,0,0,0,0,0,0,0,0,0,0,0,0,0,0,0,0,16,0,0,0,13,17,0,0,0,0,0,0,0,0,0,0,0,0,0,0,0,0,0,0,0
"ASV765",0,0,0,0,0,0,0,10,0,18,0,0,0,0,0,0,0,0,0,0,0,0,0,0,0,0,0,0,0,0,0,0,0,0,0,0,0,0,0,0,0,0,0,0,0
"ASV577",0,0,0,0,0,0,0,18,0,0,0,0,0,0,0,0,0,0,0,0,0,0,0,0,0,0,0,0,47,0,0,0,0,0,0,0,0,0,0,0,0,0,0,0,0
"ASV460",0,0,0,0,0,0,0,48,18,27,0,0,0,0,0,0,0,0,0,0,13,0,0,0,0,0,0,16,0,0,0,0,0,0,0,0,0,0,0,0,0,0,0,0,0
"ASV532",0,0,0,0,0,0,0,59,0,23,0,0,0,0,0,0,0,0,0,0,0,0,0,0,0,0,0,0,0,0,0,0,0,0,0,0,0,0,0,0,0,0,0,0,0
"ASV769",0,0,0,0,0,0,0,0,0,0,0,0,0,0,0,7,0,0,0,0,21,0,0,0,0,0,0,0,0,0,0,0,0,0,0,0,0,0,0,0,0,0,0,0,0
"ASV720",0,0,0,0,0,0,0,22,0,13,0,0,0,0,0,0,0,0,0,0,0,0,0,0,0,0,0,0,0,0,0,0,0,0,0,0,0,0,0,0,0,0,0,0,0
"ASV745",0,0,0,0,0,0,0,0,0,0,0,0,0,0,0,0,0,0,0,0,22,0,0,0,0,0,0,0,0,0,0,0,0,9,0,0,0,0,0,0,0,0,0,0,0
"ASV569",0,17,0,0,0,8,0,0,0,0,0,0,0,0,0,0,0,0,0,0,0,0,0,0,0,0,0,22,0,0,0,0,10,0,0,0,0,0,0,0,0,9,0,0,0
"ASV820",0,0,0,0,0,0,0,15,0,0,0,0,0,0,0,0,0,0,0,0,0,0,0,0,0,0,0,0,0,0,7,0,0,0,0,0,0,0,0,0,0,0,0,0,0
"ASV1140",0,0,0,0,0,0,0,0,0,0,0,0,0,0,0,0,0,0,0,0,0,0,0,0,0,6,0,0,0,0,0,0,0,0,0,0,0,0,0,0,0,0,0,3,0
"ASV615",0,0,0,0,0,0,0,0,0,0,0,3,0,0,0,0,0,0,0,0,0,0,0,0,0,0,0,0,0,0,0,0,0,0,0,0,0,0,0,0,0,0,0,0,52
"ASV912",0,0,0,0,0,0,0,0,0,0,0,0,0,0,0,0,0,0,0,0,0,0,0,0,0,0,0,0,0,0,0,0,0,0,0,0,0,0,0,0,0,0,4,3,10
"ASV158",0,0,0,0,0,0,0,0,0,0,0,0,100,104,95,134,0,71,986,0,0,0,0,0,0,0,750,309,95,0,0,0,0,0,0,0,0,0,0,0,0,0,0,0,0
"ASV12",10,115,1227,2279,4035,3277,2401,56,1724,9332,2086,2038,2618,1295,1421,2133,483,1322,8599,2117,4548,3152,48565,1077,319,201,10209,4552,1403,202,72,703,443,441,126,1175,3505,5021,4307,2995,138,61,3487,4308,3181
"ASV176",0,0,0,0,0,0,0,0,0,0,0,0,0,0,0,0,0,0,0,66,158,102,1610,0,0,0,0,0,0,0,0,0,0,0,0,0,0,0,0,0,0,0,0,0,0
"ASV62",0,0,333,570,1037,752,577,0,0,0,0,0,211,82,139,165,64,103,567,261,507,317,5865,0,0,0,202,109,0,84,0,178,101,142,32,269,967,1260,1026,763,32,0,723,941,705
"ASV677",0,0,0,0,0,0,0,0,0,0,0,0,0,0,0,0,0,0,0,0,7,8,9,0,0,0,0,0,0,9,0,0,5,0,0,0,0,0,0,0,0,4,0,0,0
"ASV922",0,0,0,0,0,0,0,0,0,10,0,6,0,0,0,0,0,0,0,0,0,0,0,0,0,0,0,0,0,0,0,0,0,0,0,0,0,0,0,0,0,0,0,0,0
"ASV52",1318,755,364,1171,1334,1797,1132,64,286,287,285,335,224,220,209,719,183,383,402,1930,1814,1800,1755,155,100,6,197,270,85,57,31,680,177,273,22,509,78,269,508,232,2070,20,699,963,1268
"ASV336",0,0,0,0,0,0,0,0,0,14,0,0,0,0,13,19,29,17,28,0,11,0,48,0,0,0,0,0,0,69,0,12,25,0,0,0,0,0,0,0,0,11,0,0,0
"ASV1135",0,0,0,0,0,0,0,0,0,0,0,0,0,0,0,0,0,1,0,0,0,3,0,0,0,0,0,5,0,0,0,0,0,0,0,0,0,0,0,0,0,0,0,0,0
"ASV93",0,0,0,0,0,0,0,0,0,0,0,0,293,222,108,679,131,402,452,1152,692,1084,742,0,0,0,0,0,0,0,0,0,0,0,0,0,0,0,0,0,1157,0,473,630,783
"ASV614",0,0,0,0,0,0,0,4,7,16,3,8,0,0,0,0,0,0,0,0,0,0,0,0,0,0,7,7,3,0,0,0,0,0,0,0,0,0,0,0,0,0,0,0,0
"ASV825",0,0,0,0,0,0,0,0,0,0,0,0,0,0,0,0,0,0,0,0,0,0,0,0,0,0,0,0,0,0,0,0,0,0,0,0,0,8,9,5,0,0,0,0,0
"ASV1235",0,0,0,0,0,0,0,0,0,0,0,0,0,0,0,0,0,0,0,0,3,0,4,0,0,0,0,0,0,0,0,0,0,0,0,0,0,0,0,0,0,0,0,0,0
"ASV871",0,0,0,0,0,0,0,0,0,0,0,0,0,0,0,0,0,0,0,0,0,0,12,0,0,7,0,0,0,0,0,0,0,0,0,0,0,0,0,0,0,0,0,0,0
"ASV740",0,0,0,0,0,0,0,0,0,0,0,0,0,0,0,0,0,0,0,0,0,0,0,0,0,0,12,0,0,0,0,0,0,0,0,0,0,0,0,0,0,13,0,7,0
"ASV703",0,0,0,0,0,0,0,0,0,0,0,0,0,0,0,0,0,0,0,0,0,0,27,0,0,6,0,0,4,0,0,0,0,0,0,0,0,0,0,0,0,0,0,0,0
"ASV286",0,0,0,0,0,0,0,0,0,0,0,0,0,0,0,0,0,0,0,0,0,0,0,0,0,421,0,0,0,0,0,0,0,0,0,60,0,0,0,0,0,0,0,0,0
"ASV20",16520,14771,7841,4841,6738,3667,3854,534,397,530,149,291,1090,2482,3576,855,7134,675,2255,178,250,198,240,205,968,10040,585,777,373,36,61,19,47,17,1628,9630,76,11,27,73,387,53,182,354,363
"ASV204",379,353,195,146,146,80,89,0,0,0,0,0,0,0,0,0,0,0,0,0,0,0,0,0,0,0,0,0,0,0,0,0,0,0,0,0,0,0,0,0,0,0,0,0,0
"ASV6",1742,7062,2478,2592,2192,1600,1307,3706,6993,4003,2921,3880,1422,4561,3525,2784,5109,1580,3633,2815,4808,2384,2617,0,0,0,0,0,0,11032,36143,14895,9817,22561,14309,8025,2849,7329,8881,5088,5354,18577,1275,4184,854
"ASV81",0,0,0,0,0,0,0,0,0,0,0,0,0,0,0,0,0,0,0,0,0,0,0,450,2345,4452,1357,1357,1091,0,0,0,0,0,0,0,0,0,0,0,0,0,0,0,0
"ASV89",0,0,0,0,0,0,0,0,0,0,0,0,60,136,204,88,267,0,109,0,0,0,0,326,2031,3314,1070,1118,925,0,0,0,0,0,0,0,0,0,0,0,0,0,0,0,0
"ASV1257",0,0,0,0,0,0,0,0,0,0,0,0,0,0,0,0,0,0,0,0,0,0,0,0,0,0,0,0,0,5,0,0,0,2,0,0,0,0,0,0,0,0,0,0,0
"ASV194",0,0,0,0,0,0,0,0,0,0,0,0,0,0,0,0,0,0,0,0,0,0,0,0,62,0,0,0,1494,0,0,0,0,0,0,0,0,0,0,0,0,0,0,0,0
"ASV157",0,0,0,0,0,0,0,0,0,0,0,0,0,0,0,0,0,0,0,0,0,0,0,0,190,10,0,0,2450,0,0,0,0,0,0,0,0,0,0,0,0,0,0,0,0
"ASV985",0,0,0,0,0,0,0,4,0,9,0,0,0,0,0,0,0,0,0,0,0,0,0,0,0,0,0,0,0,0,0,0,0,0,0,0,0,0,0,0,0,0,0,0,0
"ASV946",0,0,0,0,0,0,0,0,0,0,0,0,0,0,0,0,0,0,0,0,0,0,0,0,0,0,0,0,0,0,0,0,3,12,0,0,0,0,0,0,0,0,0,0,0
"ASV595",0,0,0,0,0,0,0,0,0,0,0,0,0,0,0,0,11,0,0,0,0,0,0,0,0,16,0,0,0,0,5,0,13,16,0,0,0,0,0,0,0,0,0,0,0
"ASV601",0,0,0,0,0,0,0,24,0,34,0,0,0,0,0,0,0,0,0,0,0,0,0,0,0,0,0,0,0,0,0,0,0,0,0,0,0,0,0,0,0,0,0,0,0
"ASV538",0,0,0,0,0,0,0,0,0,0,0,0,0,0,0,0,0,0,0,0,0,0,0,0,0,0,0,0,22,0,0,0,0,0,0,0,57,0,0,0,0,0,0,0,0
"ASV787",0,0,0,0,0,0,0,0,0,0,0,0,0,0,0,0,0,0,0,0,0,0,0,0,0,0,0,0,0,0,0,0,15,12,0,0,0,0,0,0,0,0,0,0,0
"ASV206",0,0,0,0,0,0,0,0,0,0,0,4,0,0,0,0,0,0,0,0,0,0,0,0,0,0,0,0,0,0,0,0,0,0,0,0,0,0,0,0,45,60,50,534,651
"ASV445",9,0,0,0,0,0,0,0,0,0,0,0,0,0,0,0,0,0,0,0,5,0,118,0,0,0,0,0,0,0,0,0,0,0,0,0,0,0,0,0,0,0,0,0,5
"ASV1026",0,0,0,0,0,0,0,0,0,0,0,0,0,0,0,0,0,0,0,0,0,0,8,0,0,0,0,0,0,0,0,0,0,0,0,0,0,0,0,0,0,0,0,0,4
"ASV438",0,0,0,0,0,0,0,106,0,24,0,15,0,0,0,0,0,0,0,0,0,0,0,0,0,0,0,0,0,0,0,0,0,0,0,0,0,0,0,0,0,0,0,0,0
"ASV284",163,111,31,12,38,0,21,0,0,0,0,0,0,0,0,0,0,0,0,0,0,0,0,0,0,0,0,0,0,0,0,0,0,20,0,0,0,54,48,0,0,0,0,0,0
"ASV1012",0,0,0,0,0,8,0,0,0,0,0,0,0,0,0,0,0,0,0,0,0,0,0,0,0,0,0,0,0,0,0,0,0,0,0,0,0,0,0,4,0,0,0,0,0
"ASV526",12,10,4,5,15,0,12,0,0,0,0,0,0,0,0,0,0,0,0,0,0,0,0,0,0,0,0,0,0,0,0,0,0,0,0,0,0,15,12,0,0,0,0,0,0
"ASV48",0,0,0,0,0,0,0,0,0,0,0,0,1010,4404,2314,4648,9834,1934,4760,0,0,0,17,0,0,0,0,0,0,0,0,0,0,33,20,0,0,0,0,0,0,0,0,0,0
"ASV163",17,25,0,22,0,20,0,18,8,23,13,41,0,0,0,0,0,0,0,0,0,0,0,0,36,88,9,26,494,162,68,100,81,563,0,14,129,118,102,36,8,32,0,18,0
"ASV1087",0,0,0,0,0,6,0,0,0,0,0,0,0,0,0,0,0,0,0,0,0,0,0,0,0,0,0,0,3,0,0,0,0,0,0,0,0,0,1,0,0,0,0,0,0
"ASV1138",0,0,0,0,0,0,0,0,0,0,0,0,0,0,0,0,0,0,0,0,0,0,5,0,0,0,0,0,0,0,0,0,0,0,4,0,0,0,0,0,0,0,0,0,0
"ASV406",39,7,12,8,12,0,0,0,0,0,0,0,0,0,0,0,0,0,0,0,0,9,0,6,7,0,0,0,0,0,0,0,0,0,0,0,0,23,25,10,0,0,0,20,0
"ASV872",0,0,0,0,0,0,0,0,0,0,0,0,0,0,0,0,0,0,0,0,0,0,0,0,10,0,0,0,9,0,0,0,0,0,0,0,0,0,0,0,0,0,0,0,0
"ASV298",0,0,0,0,0,0,0,78,28,100,9,19,0,0,0,0,0,0,0,0,0,0,0,0,0,0,0,21,161,0,0,0,0,0,0,0,0,0,0,0,0,0,0,0,0
"ASV450",0,0,0,0,0,0,0,31,0,47,0,12,0,0,0,0,0,0,0,0,0,0,0,0,0,0,0,0,44,0,0,0,0,0,0,0,0,0,0,0,0,0,0,0,0
"ASV344",0,0,0,0,0,0,0,40,0,60,0,0,0,0,0,0,0,0,0,0,24,0,0,0,0,0,0,0,158,0,0,0,0,0,0,0,0,0,0,0,0,0,0,0,0
"ASV475",0,0,0,0,0,0,0,56,0,52,0,0,0,0,0,0,0,0,0,0,0,0,0,0,0,0,0,0,0,0,0,0,0,0,0,0,0,0,0,0,0,0,0,0,0
"ASV621",0,0,0,0,0,0,0,0,0,18,0,28,0,0,0,0,0,0,0,0,0,0,0,0,0,0,0,0,8,0,0,0,0,0,0,0,0,0,0,0,0,0,0,0,0
"ASV214",0,0,0,0,0,0,0,0,0,0,0,0,150,145,97,292,133,227,251,0,0,0,0,0,0,0,0,0,0,0,0,0,0,0,0,0,0,0,0,0,0,0,0,0,0
"ASV41",31,41,10,13,8,12,8,383,396,560,249,516,190,113,490,138,369,178,161,26,62,42,81,801,3002,10699,976,974,881,721,521,131,142,185,6150,931,4592,4970,4869,1649,0,10,0,5,0
"ASV107",0,0,0,0,0,0,0,119,108,196,75,134,82,43,169,44,142,58,70,0,0,0,0,208,846,3421,288,305,270,0,0,0,0,0,0,0,0,0,0,0,0,0,0,0,0
"ASV944",0,0,0,0,0,0,0,0,0,0,0,0,0,0,0,0,0,0,0,0,0,0,0,0,0,0,0,0,0,8,0,0,7,0,0,0,0,0,0,0,0,0,0,0,0
"ASV150",0,0,0,0,0,0,0,0,0,0,0,0,0,0,49,0,0,0,0,0,0,0,0,1134,149,16,787,552,196,0,0,0,0,0,0,0,0,0,0,0,0,0,0,0,0
"ASV148",0,0,0,0,0,0,0,592,580,719,507,593,0,0,0,0,0,0,0,0,0,0,0,0,0,0,0,0,0,0,0,0,0,0,0,0,0,0,0,0,0,0,0,0,0
"ASV384",0,0,0,0,0,0,0,0,0,0,0,0,36,22,64,22,16,0,42,0,0,0,0,0,0,0,0,0,0,0,0,0,0,0,0,0,0,0,0,0,0,0,0,0,0
"ASV578",0,0,0,0,0,0,0,0,0,0,0,0,0,0,0,0,0,0,0,0,0,0,34,0,0,16,0,10,5,0,0,0,0,0,0,0,0,0,0,0,0,0,0,0,0
"ASV924",0,0,0,0,0,0,0,0,0,0,0,0,0,0,0,0,0,0,0,0,0,0,0,0,8,0,8,0,0,0,0,0,0,0,0,0,0,0,0,0,0,0,0,0,0
"ASV250",0,0,0,0,0,0,0,0,0,0,0,0,115,47,124,78,215,79,109,0,0,0,25,0,0,0,0,0,0,0,0,0,0,0,0,0,0,0,0,0,0,0,0,0,0
"ASV22",1296,4468,3912,5630,5961,5391,5643,598,548,652,283,456,451,66,328,103,348,215,364,3967,2434,3322,4438,1026,606,635,2060,1106,759,2774,779,803,429,1594,4154,729,5571,6278,7172,2641,2187,560,2076,2239,4961
"ASV130",0,70,52,74,72,83,71,39,119,246,64,137,21,7,25,22,10,9,35,37,34,48,290,144,193,199,324,210,82,63,21,33,7,51,276,21,82,100,209,78,24,13,25,32,58
"ASV434",19,0,0,0,3,0,0,4,10,0,0,11,0,0,0,0,0,0,0,0,0,0,23,0,0,0,0,0,0,20,0,0,0,0,10,0,0,0,0,0,24,0,7,13,3
"ASV183",0,0,0,0,0,0,0,0,0,0,0,0,56,114,125,97,198,79,168,29,54,43,621,0,0,81,0,0,0,0,0,0,0,0,0,0,0,0,0,0,0,0,0,0,0
"ASV129",16,14,4,5,0,0,0,0,0,0,0,0,104,248,266,277,396,170,283,40,102,87,1572,18,77,171,33,49,71,4,9,0,5,5,0,0,0,0,0,0,0,0,0,0,0
"ASV519",0,0,0,0,0,0,0,9,19,17,6,28,0,0,0,0,0,0,0,0,0,0,0,0,0,0,0,0,0,0,0,0,0,0,0,0,0,0,0,0,0,8,0,0,0
"ASV319",46,6,9,5,14,4,5,33,34,24,8,25,0,0,0,0,0,0,0,0,0,0,0,0,0,0,0,0,0,106,4,0,0,0,0,0,0,0,0,0,0,0,0,0,0
"ASV155",0,0,0,0,0,0,0,0,0,0,0,0,545,512,489,295,289,275,256,0,0,0,39,0,0,0,0,0,0,0,0,0,0,0,0,0,0,0,0,0,0,0,0,0,0
"ASV232",0,0,0,0,0,0,0,0,0,0,0,0,214,175,240,88,130,109,86,0,0,0,0,0,0,0,0,0,0,0,0,0,0,0,0,0,0,0,0,0,0,0,0,0,0
"ASV818",5,0,3,0,0,0,3,0,0,0,0,0,0,0,0,0,0,0,3,0,0,0,8,0,0,0,0,0,0,0,0,0,0,0,0,0,0,0,0,0,0,0,0,0,0
"ASV85",0,21,60,184,169,174,105,0,174,368,106,426,297,157,85,279,8,169,476,375,155,161,440,75,520,0,128,82,49,0,19,423,54,205,112,202,373,688,649,438,9,0,301,488,1045
"ASV21",126,49,5575,7696,7320,7215,6315,0,522,510,305,881,0,0,0,0,0,0,148,1019,1376,1292,1865,0,0,0,142,369,170,5,8,84,17,13,600,15794,3769,12915,13237,8331,10,5,774,1002,3340
"ASV55",0,0,0,0,0,0,0,17,142,204,131,297,1475,2207,901,3257,27,2029,4966,318,285,289,429,383,1049,10,2199,880,385,0,0,0,0,0,0,0,0,0,0,0,0,0,125,218,444
"ASV327",0,0,0,0,0,0,0,0,0,0,0,0,0,0,0,0,0,0,0,0,0,0,0,0,74,0,173,69,0,0,0,0,0,0,0,0,0,0,0,0,0,0,0,0,0
"ASV195",0,0,0,0,0,0,0,0,0,0,0,0,0,0,0,0,0,0,0,0,0,0,0,0,0,0,140,136,106,0,0,0,0,0,98,94,86,296,338,251,0,0,0,0,0
"ASV154",0,0,0,0,0,0,0,0,0,0,0,0,0,0,0,0,0,0,0,0,0,0,0,0,0,0,0,0,0,415,43,1548,216,542,0,0,0,0,0,0,0,0,0,0,0
"ASV168",0,0,0,0,0,0,0,0,0,0,0,0,0,0,0,0,0,0,0,0,0,0,0,0,0,0,0,0,0,392,28,1190,150,401,0,0,0,0,0,0,0,0,0,0,0
"ASV102",66,0,51,110,132,116,63,24,50,81,62,126,0,0,0,0,0,0,0,0,0,0,0,0,0,0,0,56,0,213,107,1647,398,1037,38,388,539,789,633,183,16,0,25,39,110
"ASV188",68,39,79,147,163,169,83,0,0,0,0,0,34,0,0,0,0,0,0,0,0,0,36,0,0,0,83,0,0,0,0,0,0,0,70,101,119,188,173,66,0,0,0,0,0
"ASV133",64,57,77,190,191,210,116,0,31,57,0,100,0,18,21,50,0,19,33,73,54,44,76,45,88,0,60,0,0,0,0,264,62,168,80,159,222,355,271,115,0,0,26,41,69
"ASV220",0,0,0,0,0,0,0,0,0,0,0,0,208,131,43,259,0,179,384,0,0,0,28,0,0,0,0,0,0,0,0,0,0,0,0,0,0,0,0,0,0,0,0,0,0
"ASV222",0,0,0,0,0,0,0,0,0,0,0,0,231,139,35,216,0,202,337,0,0,0,0,0,0,0,0,0,0,0,0,0,0,0,0,0,0,0,0,0,0,0,0,0,0
"ASV339",0,0,0,0,0,0,0,0,0,0,0,0,67,0,0,79,0,50,96,0,0,0,0,0,0,0,0,0,0,0,0,0,0,0,0,0,0,0,0,0,0,0,0,0,0
"ASV259",0,0,0,0,0,0,0,0,0,0,0,0,0,0,0,0,0,0,0,0,0,0,0,90,0,0,432,145,54,0,0,0,0,0,0,0,0,0,0,0,0,0,0,0,0
"ASV8",134,86,4403,6101,5324,5783,4637,70,10410,9670,8423,22332,3635,2695,427,6332,157,3698,6998,5327,5279,5082,8107,3062,273,152,9280,6170,3703,151,30,708,214,355,238,3974,136,73,149,2179,106,378,5143,9688,13917
"ASV219",0,0,0,0,0,0,0,0,0,0,0,0,0,0,0,0,0,0,0,0,0,0,0,137,28,28,469,283,199,0,0,0,0,0,0,0,0,0,0,0,0,0,0,0,0
"ASV174",0,0,0,0,0,0,0,0,0,0,0,0,0,0,0,0,0,0,0,0,0,0,0,0,0,0,0,0,0,0,0,0,0,0,0,142,0,0,0,0,0,0,312,571,952
"ASV16",95,49,2423,3439,2938,3219,2679,0,5786,5146,4648,12768,2612,1962,308,4737,86,2789,5408,3378,3223,3206,5454,2446,285,201,7324,4745,2915,113,46,448,112,272,110,2757,75,53,108,1868,96,288,4445,8396,11559
"ASV106",0,0,0,0,0,0,0,0,938,826,722,1934,0,0,0,0,0,0,0,96,90,70,116,163,0,0,480,290,180,0,0,81,34,0,0,363,0,0,0,78,0,0,0,0,194
"ASV15",67,47,2026,3183,2574,3017,2542,46,5234,4217,4322,10647,2774,1865,241,4366,84,2787,5067,5875,5619,5479,8619,2451,228,81,7161,4669,2852,70,11,321,94,186,72,2118,47,34,63,1172,79,46,4975,9070,12441
"ASV114",0,0,0,0,0,0,0,0,0,0,0,0,0,0,0,0,0,0,0,0,0,0,0,0,0,0,0,0,0,0,0,0,0,0,0,0,0,0,0,0,0,78,931,1654,2575
"ASV134",0,0,0,0,0,0,0,0,0,0,0,0,0,0,0,163,0,0,91,136,103,115,183,152,0,0,452,287,189,0,0,0,0,0,0,0,0,0,0,0,0,0,303,618,689
"ASV10",112,88,3285,4693,4067,4582,3865,72,7143,6626,6035,15540,3652,2498,380,5757,140,3472,6808,8307,8463,7860,12441,2784,259,70,8498,5423,3194,134,35,547,171,274,251,3093,98,73,158,1676,99,140,6310,11502,17164
"ASV44",41,0,1073,1544,1426,1449,1313,0,2370,2274,2023,5662,375,391,64,942,0,450,901,849,829,841,1389,951,92,43,3123,1973,1212,0,0,162,56,69,0,895,0,0,0,540,0,0,484,1109,1388
"ASV66",0,0,0,0,0,0,0,0,0,0,0,0,597,261,65,677,0,442,1196,0,0,0,0,0,0,0,0,0,0,0,0,0,0,0,0,0,0,0,0,0,39,0,2354,4628,6624
"ASV278",0,0,0,0,0,0,0,0,0,0,0,0,0,0,0,0,0,0,0,0,0,0,0,0,0,0,430,107,0,0,0,0,0,0,0,0,0,0,0,0,0,0,0,0,0
"ASV117",0,0,0,0,0,0,0,0,0,0,0,0,342,633,303,1201,0,762,1671,0,0,0,72,0,0,0,0,0,0,0,0,0,0,0,0,0,0,0,0,0,0,0,0,0,0
"ASV121",0,0,0,0,0,0,0,0,0,0,0,0,301,590,329,1171,0,745,1566,0,0,0,33,0,0,0,0,0,0,0,0,0,0,0,0,0,0,0,0,0,0,0,0,0,0
"ASV104",0,0,0,0,0,0,0,0,0,0,0,0,485,788,499,1603,0,1125,2210,0,0,0,0,0,0,0,0,0,0,0,0,0,0,0,0,0,0,0,0,0,0,0,0,0,0
"ASV674",0,0,0,0,0,0,0,0,0,0,0,0,7,7,0,13,0,15,0,0,0,0,0,0,0,0,0,0,0,0,0,0,0,0,0,0,0,0,0,0,0,0,0,0,0
"ASV167",0,0,0,0,0,0,0,0,0,0,0,0,142,266,167,521,0,372,705,0,0,0,0,0,0,0,0,0,0,0,0,0,0,0,0,0,0,0,0,0,0,0,0,0,0
"ASV58",0,0,0,0,27,24,0,0,336,385,189,1018,1060,656,535,1336,129,787,2087,450,366,626,1016,649,740,52,2471,883,605,50,0,292,48,145,411,247,45,52,90,1209,0,17,216,484,868
"ASV105",0,0,0,0,0,8,0,0,59,59,31,165,393,198,186,465,0,258,849,239,199,295,527,128,141,0,505,122,76,0,0,164,0,78,274,133,32,34,60,602,0,0,38,81,201
"ASV103",0,0,77,121,132,139,84,0,218,278,160,505,0,0,0,0,0,0,0,386,473,397,962,0,0,0,0,0,0,0,0,0,0,0,0,92,0,0,0,0,0,0,486,1014,1550
"ASV35",14,19,549,1004,1250,1142,777,14,1871,2393,1134,4457,54,72,88,158,0,91,235,3375,4344,3703,7983,29,0,0,176,205,143,0,0,102,0,0,0,835,181,46,26,54,37,0,3720,7699,12714
"ASV694",0,0,0,0,0,0,0,0,0,0,0,0,0,0,0,0,0,0,0,0,0,0,0,0,0,0,0,0,0,0,0,1,0,0,0,0,0,0,0,0,0,0,28,9,1
"ASV341",0,0,0,0,0,0,0,0,0,0,0,0,0,0,0,0,0,0,0,0,0,0,0,0,0,0,0,0,0,0,0,74,25,98,0,0,0,0,0,0,0,0,0,0,93
"ASV74",0,38,189,460,351,629,243,0,141,205,66,263,425,264,75,346,0,293,634,404,299,244,521,186,411,0,246,369,164,66,52,1661,249,1086,64,640,742,589,331,138,0,0,93,237,311
"ASV68",33,50,188,534,358,581,249,0,147,194,110,275,457,271,99,417,0,245,571,392,280,215,535,238,538,0,697,607,169,91,35,1654,259,1075,104,740,797,804,491,164,0,0,116,284,465
"ASV177",0,0,57,109,71,152,68,0,0,0,0,0,0,0,0,0,0,0,0,0,0,0,0,0,0,0,0,0,0,0,0,160,0,156,0,309,208,306,265,68,0,0,0,0,0
"ASV80",0,0,714,725,567,726,622,0,0,0,0,0,200,251,146,250,0,310,1510,0,0,67,109,236,41,0,1514,1134,1161,55,0,403,180,371,0,52,0,0,0,78,0,0,202,413,747
"ASV5",673,1389,8534,8791,6825,9282,7970,21,5178,6661,4404,14297,1763,2235,1333,2571,58,2857,14626,6511,5125,5839,8990,1837,293,347,12449,8370,7964,528,19424,7036,21444,5859,215,1247,237,144,133,2009,56,12,6920,12901,22158
"ASV451",0,0,0,0,0,0,0,0,0,0,0,0,0,0,0,0,0,0,0,0,0,0,0,0,0,0,0,0,0,0,0,0,0,0,0,57,0,0,0,76,0,0,0,0,0
"ASV123",0,0,0,0,0,0,0,0,0,0,0,0,0,0,0,0,0,0,0,1228,854,1134,1492,0,0,0,0,0,0,0,0,0,0,0,0,64,0,0,0,0,0,0,0,0,0
"ASV110",55,100,416,416,329,476,363,0,0,0,0,0,0,0,0,0,0,0,0,0,0,0,0,0,0,0,0,0,0,0,1906,310,1821,273,0,0,0,0,0,0,0,0,0,0,0
"ASV65",0,0,1216,1265,969,1419,1180,0,0,0,0,0,180,202,112,215,0,284,1327,0,0,0,0,452,77,0,2939,2008,2154,52,0,397,149,304,0,54,0,0,0,0,0,0,0,0,0
"ASV69",0,0,0,0,0,0,0,0,895,1593,891,2753,0,53,0,139,0,96,186,673,577,679,1108,315,509,45,2545,912,865,0,0,0,0,0,0,0,0,0,0,0,0,0,93,193,150
"ASV116",0,0,0,0,0,0,0,0,0,0,0,0,260,70,28,86,0,102,293,168,92,86,175,0,0,0,0,0,0,0,0,52,0,32,234,175,916,1182,851,302,0,0,0,0,0
"ASV804",0,0,0,0,0,0,0,0,0,8,0,0,0,0,0,0,0,0,0,0,0,0,0,0,0,0,0,0,0,0,0,16,0,0,0,0,0,0,0,0,0,0,0,0,0
"ASV4",0,0,0,0,0,17,6,25987,12330,21997,10633,26638,187,30,20,23,0,36,120,20522,12670,16824,13382,8111,10954,72,2202,5434,3898,11631,53,2725,988,1829,13667,1377,135,536,490,1129,39941,465,10831,11868,29556
"ASV53",0,0,0,0,0,0,0,0,0,0,0,0,0,0,0,0,0,0,0,3559,2243,3023,2378,0,0,0,0,0,0,0,0,0,0,0,0,0,0,0,0,0,6581,0,1869,1979,4931
"ASV54",0,0,0,0,0,0,0,0,0,0,0,0,0,0,0,0,0,0,0,0,0,0,0,0,0,0,0,0,0,0,0,0,0,0,0,0,0,0,0,0,1129,2412,5078,7365,9497
"ASV135",0,0,0,0,0,0,0,0,0,0,0,0,0,0,0,0,0,0,0,0,0,0,0,0,0,0,0,0,0,0,0,0,0,0,0,0,0,0,0,0,136,266,644,935,1462
"ASV34",0,0,7,0,0,0,0,0,0,0,0,0,2638,1665,188,5221,288,3476,7624,0,0,0,166,7024,791,159,7195,8135,5156,755,237,2287,441,971,831,3547,365,590,659,5659,0,0,0,0,0
"ASV14",0,0,0,0,0,0,0,0,0,0,0,0,5191,3079,412,9843,955,6812,14108,0,0,0,321,13977,1637,407,13727,15383,10321,2073,863,4830,1025,2250,1749,6600,988,1161,1454,10839,0,0,0,0,0
"ASV71",0,0,0,0,0,0,0,0,0,0,0,0,564,410,51,1170,0,779,1655,0,0,0,43,1921,246,0,1554,1822,1108,147,0,618,95,161,167,863,45,125,145,1328,0,0,0,0,0
"ASV96",0,0,0,0,0,0,0,49,164,143,105,289,1119,551,392,1066,26,673,1343,38,7,21,49,103,342,6,520,176,54,41,57,676,79,250,0,6,0,0,9,4,0,0,3,2,0
"ASV757",0,0,0,0,0,0,0,0,0,0,0,0,0,0,0,7,0,0,7,0,0,0,6,0,0,0,3,0,0,0,0,0,0,0,0,0,0,0,0,0,0,0,0,0,0
"ASV31",156,780,2095,5128,7110,6391,3715,30,1593,2198,1675,4037,107,255,107,538,0,487,824,1238,1227,1951,1969,1819,1069,56,7028,3574,1302,31,237,2068,450,786,0,0,0,0,0,0,34,19,1794,2729,4210
"ASV246",0,0,0,0,0,0,0,0,0,0,0,0,0,0,0,0,0,0,0,0,0,0,0,0,0,0,0,0,0,0,0,0,0,0,47,368,148,180,92,50,0,0,0,0,0
"ASV544",0,0,0,0,0,0,0,5,10,11,5,45,0,0,0,0,0,0,0,0,0,0,0,0,0,0,0,0,0,0,0,0,0,0,0,0,0,0,0,0,0,0,0,0,0
"ASV679",0,0,0,0,0,0,0,0,0,0,0,0,0,0,0,0,0,0,0,0,0,0,0,0,0,0,0,0,0,2,3,13,7,17,0,0,0,0,0,0,0,0,0,0,0
"ASV983",0,0,0,0,0,0,0,6,0,7,0,0,0,0,0,0,0,0,0,0,0,0,0,0,0,0,0,0,0,0,0,0,0,0,0,0,0,0,0,0,0,0,0,0,0
"ASV436",0,0,0,0,0,0,0,59,0,88,0,0,0,0,0,0,0,0,0,0,0,0,0,0,0,0,0,0,0,0,0,0,0,0,0,0,0,0,0,0,0,0,0,0,0
"ASV276",0,0,0,0,0,0,0,124,50,264,33,71,0,0,0,0,0,0,0,0,0,0,0,0,0,0,0,0,0,0,0,0,0,0,0,0,0,0,0,0,0,0,0,0,0
"ASV504",0,0,0,0,0,0,0,0,0,22,0,0,0,0,0,0,0,0,0,0,0,0,0,0,0,0,0,0,70,0,0,0,0,0,0,0,0,0,0,0,0,0,0,0,0
"ASV407",0,0,0,0,0,0,0,0,0,0,0,0,0,0,0,0,0,0,0,0,0,0,0,0,0,0,0,11,166,0,0,0,0,0,0,0,0,0,0,0,0,0,0,0,0
"ASV1032",0,0,0,0,0,0,0,0,0,0,0,0,0,0,0,0,0,0,0,0,0,0,0,0,0,0,0,6,6,0,0,0,0,0,0,0,0,0,0,0,0,0,0,0,0
"ASV557",0,0,0,0,0,0,0,40,0,32,0,0,0,0,0,0,0,0,0,0,0,0,0,0,0,0,0,0,0,0,0,0,0,0,0,0,0,0,0,0,0,0,0,0,0
"ASV317",0,0,0,0,0,0,0,32,0,15,0,0,0,0,0,0,0,0,0,0,0,0,0,0,0,0,0,0,301,0,0,0,0,0,0,0,0,0,0,0,0,0,0,0,0
"ASV686",0,0,0,0,0,0,0,11,0,0,0,29,0,0,0,0,0,0,0,0,0,0,0,0,0,0,0,0,0,0,0,0,0,0,0,0,0,0,0,0,0,0,0,0,0
"ASV494",0,0,0,0,0,0,0,36,8,21,2,30,0,0,0,0,0,0,0,0,0,0,0,0,0,0,0,0,0,0,0,0,0,0,0,0,0,0,0,0,0,0,0,0,0
"ASV823",0,0,0,0,0,0,0,0,0,0,0,0,0,0,0,0,0,0,0,0,0,0,0,0,5,0,0,17,0,0,0,0,0,0,0,0,0,0,0,0,0,0,0,0,0
"ASV270",0,0,0,0,0,0,0,6,0,15,0,0,0,0,0,0,0,0,0,0,0,0,0,7,0,0,0,8,544,0,0,0,0,0,0,0,0,0,0,0,0,0,0,0,0
"ASV240",0,0,0,0,0,0,0,853,0,33,0,0,0,0,0,0,0,0,0,0,0,0,0,0,0,0,0,0,43,0,0,0,0,0,0,0,0,0,0,0,0,0,0,0,0
"ASV353",0,0,0,0,0,0,0,88,0,0,0,0,0,0,0,0,0,0,0,0,0,0,0,0,0,0,0,0,169,0,0,0,0,0,0,0,0,0,0,0,0,0,0,0,0
"ASV586",0,0,0,0,0,0,0,0,0,0,0,0,0,0,0,0,0,0,0,0,0,0,0,0,0,0,0,18,45,0,0,0,0,0,0,0,0,0,0,0,0,0,0,0,0
"ASV468",0,0,0,0,0,0,0,42,8,50,0,15,0,0,0,0,0,0,0,0,0,0,0,0,0,0,0,0,0,0,0,0,0,0,0,0,0,0,0,0,0,0,0,0,0
"ASV919",0,0,0,0,0,0,0,8,0,0,0,8,0,0,0,0,0,0,0,0,0,0,0,0,0,0,0,0,0,0,0,0,0,0,0,0,0,0,0,0,0,0,0,0,0
"ASV513",0,0,0,0,0,0,0,32,0,46,0,11,0,0,0,0,0,0,0,0,0,0,0,0,0,0,0,0,0,0,0,0,0,0,0,0,0,0,0,0,0,0,0,0,0
"ASV633",0,0,0,0,0,0,0,13,0,31,0,7,0,0,0,0,0,0,0,0,0,0,0,0,0,0,0,0,0,0,0,0,0,0,0,0,0,0,0,0,0,0,0,0,0
"ASV632",0,0,0,0,0,0,0,21,10,20,0,0,0,0,0,0,0,0,0,0,0,0,0,0,0,0,0,0,0,0,0,0,0,0,0,0,0,0,0,0,0,0,0,0,0
"ASV665",0,0,0,0,0,0,0,10,0,21,0,0,0,0,0,0,0,0,0,0,0,0,0,0,0,0,0,12,0,0,0,0,0,0,0,0,0,0,0,0,0,0,0,0,0
"ASV613",0,0,0,0,0,0,0,14,0,24,0,0,0,0,0,0,0,0,0,0,0,0,0,0,0,0,0,0,0,0,0,0,0,0,0,0,0,0,0,0,0,0,0,0,0
"ASV918",0,0,0,0,0,0,0,9,0,7,0,0,0,0,0,0,0,0,0,0,0,0,0,0,0,0,0,0,0,0,0,0,0,0,0,0,0,0,0,0,0,0,0,0,0
"ASV478",0,0,0,0,0,0,0,14,21,69,0,0,0,0,0,0,0,0,0,0,0,0,0,0,0,0,0,0,0,0,0,0,0,0,0,0,0,0,0,0,0,0,0,0,0
"ASV687",0,0,0,0,0,0,0,0,0,28,12,0,0,0,0,0,0,0,0,0,0,0,0,0,0,0,0,0,0,0,0,0,0,0,0,0,0,0,0,0,0,0,0,0,0
"ASV936",0,0,0,0,0,0,0,0,8,7,0,0,0,0,0,0,0,0,0,0,0,0,0,0,0,0,0,0,0,0,0,0,0,0,0,0,0,0,0,0,0,0,0,0,0
"ASV790",0,0,0,0,0,0,0,0,0,0,0,0,0,0,0,2,0,0,0,0,0,0,0,0,0,0,0,24,0,0,0,0,0,0,0,0,0,0,0,0,0,0,0,0,0
"ASV449",0,0,0,0,0,0,0,65,17,52,0,0,0,0,0,0,0,0,0,0,0,0,0,0,0,0,0,0,0,0,0,0,0,0,0,0,0,0,0,0,0,0,0,0,0
"ASV253",0,0,0,0,0,0,0,70,0,155,11,4,0,0,0,0,0,0,0,0,0,0,0,0,0,0,0,0,0,0,0,0,0,9,0,0,0,0,0,0,0,0,0,0,0
"ASV491",0,0,0,0,0,0,0,51,0,49,0,0,0,0,0,0,0,0,0,0,0,0,0,0,0,0,0,0,0,0,0,0,0,0,0,0,0,0,0,0,0,0,0,0,0
"ASV750",0,0,0,0,0,0,0,11,0,19,0,0,0,0,0,0,0,0,0,0,0,0,0,0,0,0,0,0,0,0,0,0,0,0,0,0,0,0,0,0,0,0,0,0,0
"ASV37",2613,34,654,1351,2495,2325,1613,452,737,1729,521,2495,6506,612,293,1880,143,2703,6047,3558,1802,2150,1722,3054,3494,63,1521,1465,939,0,0,0,3,0,0,0,0,0,0,0,54,12,678,779,1239
"ASV189",0,0,0,0,0,0,0,0,0,0,0,0,426,87,43,272,3,288,452,0,0,0,13,0,0,0,0,0,0,0,0,0,0,0,0,0,0,0,0,0,0,0,0,0,0
"ASV609",0,0,0,0,0,0,0,19,0,15,0,0,0,0,0,0,0,0,0,0,0,0,0,0,0,0,0,0,22,0,0,0,0,0,0,0,0,0,0,0,0,0,0,0,0
"ASV646",0,0,0,0,0,0,0,31,0,12,0,0,0,0,0,0,0,0,0,0,2,0,0,0,0,3,0,0,0,0,0,0,0,0,0,0,0,0,0,0,0,0,0,0,0
"ASV1156",0,0,0,0,0,0,0,0,0,0,0,0,0,0,0,0,0,0,0,0,0,0,0,0,0,0,0,0,0,0,0,0,0,3,0,0,0,6,0,0,0,0,0,0,0
"ASV683",0,0,0,0,0,0,0,26,0,14,0,0,0,0,0,0,0,0,0,0,0,0,0,0,0,0,0,0,0,0,0,0,0,0,0,0,0,0,0,0,0,0,0,0,0
"ASV959",0,0,0,0,0,0,0,3,0,2,0,0,0,0,0,0,0,0,0,0,0,0,0,5,0,0,0,4,0,0,0,0,0,0,0,0,0,0,0,0,0,0,0,0,0
"ASV548",0,0,0,0,0,0,0,44,0,31,0,0,0,0,0,0,0,0,0,0,0,0,0,0,0,0,0,0,0,0,0,0,0,0,0,0,0,0,0,0,0,0,0,0,0
"ASV510",0,0,0,0,0,0,0,28,0,36,0,0,0,0,0,0,0,0,0,0,6,0,0,0,0,0,0,0,20,0,0,0,0,0,0,0,0,0,0,0,0,0,0,0,0
"ASV549",0,0,0,0,0,0,0,40,0,35,0,0,0,0,0,0,0,0,0,0,0,0,0,0,0,0,0,0,0,0,0,0,0,0,0,0,0,0,0,0,0,0,0,0,0
"ASV727",0,0,0,0,0,0,0,20,0,13,0,0,0,0,0,0,0,0,0,0,0,0,0,0,0,0,0,0,0,0,0,0,0,0,0,0,0,0,0,0,0,0,0,0,0
"ASV227",0,0,0,0,0,0,0,528,88,387,16,52,0,0,0,0,0,0,0,0,0,0,0,0,0,11,0,0,0,0,0,0,0,0,0,0,0,0,0,0,0,0,0,0,0
"ASV383",0,0,0,0,0,0,0,103,0,95,0,0,0,0,0,0,0,0,0,0,0,0,4,0,0,0,0,0,0,0,0,0,0,0,0,0,0,0,0,0,0,0,0,0,0
"ASV367",0,0,0,0,0,0,0,115,26,79,0,0,0,0,0,0,0,0,0,0,0,0,0,0,0,0,0,0,5,0,0,0,0,0,0,0,0,0,0,0,0,0,0,0,0
"ASV397",0,0,0,0,0,0,0,89,0,67,0,0,0,0,0,0,0,0,0,0,6,0,0,0,0,0,0,13,14,0,0,0,0,0,0,0,0,0,0,0,0,0,0,0,0
"ASV473",0,0,0,0,0,0,0,59,0,51,0,0,0,0,0,0,0,0,0,0,0,0,0,0,0,0,0,0,0,0,0,0,0,0,0,0,0,0,0,0,0,0,0,0,0
"ASV767",0,0,0,0,0,0,0,3,16,0,0,9,0,0,0,0,0,0,0,0,0,0,0,0,0,0,0,0,0,0,0,0,0,0,0,0,0,0,0,0,0,0,0,0,0
"ASV559",0,0,0,0,0,0,0,35,0,36,0,0,0,0,0,0,0,0,0,0,0,0,0,0,0,0,0,0,0,0,0,0,0,0,0,0,0,0,0,0,0,0,0,0,0
"ASV763",0,0,0,0,0,0,0,17,0,11,0,0,0,0,0,0,0,0,0,0,0,0,0,0,0,0,0,0,0,0,0,0,0,0,0,0,0,0,0,0,0,0,0,0,0
"ASV550",0,0,0,0,0,0,0,35,0,25,0,0,0,0,0,0,0,0,0,0,0,0,0,0,0,0,0,0,0,0,0,0,15,0,0,0,0,0,0,0,0,0,0,0,0
"ASV710",0,0,0,0,0,0,0,18,0,18,0,0,0,0,0,0,0,0,0,0,0,0,0,0,0,0,0,0,0,0,0,0,0,0,0,0,0,0,0,0,0,0,0,0,0
"ASV368",0,0,0,0,0,0,0,0,0,0,0,0,0,0,0,0,0,0,0,0,0,0,0,0,0,62,27,0,0,0,0,0,0,0,0,0,0,0,0,0,0,0,0,0,0
"ASV418",0,0,0,0,0,0,0,56,0,91,0,11,0,0,0,0,0,0,0,0,0,0,0,0,0,0,0,0,0,0,0,0,0,0,0,0,0,0,0,0,0,0,0,0,0
"ASV602",0,0,0,0,0,0,0,8,6,16,0,0,0,0,0,0,0,0,0,0,13,0,6,0,0,0,0,0,0,0,0,0,0,9,0,0,0,0,0,0,0,0,0,0,0
"ASV391",0,0,0,0,0,0,0,34,9,43,0,0,0,0,0,0,3,0,0,0,28,0,22,0,0,0,0,14,0,4,0,0,19,17,0,0,0,0,0,0,0,0,0,0,0
"ASV711",0,0,0,0,0,0,0,14,0,22,0,0,0,0,0,0,0,0,0,0,0,0,0,0,0,0,0,0,0,0,0,0,0,0,0,0,0,0,0,0,0,0,0,0,0
"ASV992",0,0,0,0,0,0,0,0,0,0,0,0,0,0,0,0,0,0,0,0,3,0,10,0,0,0,0,0,0,0,0,0,0,0,0,0,0,0,0,0,0,0,0,0,0
"ASV885",0,0,0,0,0,0,0,12,0,6,0,0,0,0,0,0,0,0,0,0,0,0,0,0,0,0,0,0,0,0,0,0,0,0,0,0,0,0,0,0,0,0,0,0,0
"ASV673",0,0,0,0,0,0,0,11,0,12,0,0,0,0,0,0,0,0,0,0,19,0,0,0,0,0,0,0,0,0,0,0,0,0,0,0,0,0,0,0,0,0,0,0,0
"ASV796",0,0,0,0,0,0,0,13,0,12,0,0,0,0,0,0,0,0,0,0,0,0,0,0,0,0,0,0,0,0,0,0,0,0,0,0,0,0,0,0,0,0,0,0,0
"ASV398",0,0,0,0,0,0,0,0,4,0,0,0,0,0,0,0,0,0,0,0,0,0,0,0,0,0,0,0,182,0,0,0,0,0,0,0,0,0,0,0,0,0,0,0,0
"ASV655",0,0,0,0,0,0,0,10,0,0,0,0,0,0,0,0,0,0,0,0,0,0,0,0,0,0,0,5,30,0,0,0,0,0,0,0,0,0,0,0,0,0,0,0,0
"ASV781",0,0,0,0,0,0,0,0,0,15,0,0,0,0,0,0,0,0,0,0,0,0,0,0,0,0,0,0,12,0,0,0,0,0,0,0,0,0,0,0,0,0,0,0,0
"ASV957",0,0,0,0,0,0,0,9,0,0,0,5,0,0,0,0,0,0,0,0,0,0,0,0,0,0,0,0,0,0,0,0,0,0,0,0,0,0,0,0,0,0,0,0,0
"ASV672",0,0,0,0,0,0,0,20,0,14,0,8,0,0,0,0,0,0,0,0,0,0,0,0,0,0,0,0,0,0,0,0,0,0,0,0,0,0,0,0,0,0,0,0,0
"ASV527",0,0,0,0,0,0,0,0,0,0,0,0,0,0,0,0,0,0,0,4,0,17,24,0,0,40,0,0,0,0,0,0,0,0,0,0,0,0,0,0,0,0,0,0,0
"ASV859",0,0,0,0,0,0,0,0,0,0,0,0,0,0,0,0,0,0,0,0,0,0,0,7,0,0,0,0,13,0,0,0,0,0,0,0,0,0,0,0,0,0,0,0,0
"ASV869",0,0,0,0,0,0,0,0,0,4,0,0,0,0,0,0,0,0,0,0,0,0,0,0,0,0,0,6,9,0,0,0,0,0,0,0,0,0,0,0,0,0,0,0,0
"ASV364",0,0,0,0,0,0,0,0,0,0,0,0,0,0,0,0,0,0,0,0,0,0,0,0,0,0,0,27,213,0,0,0,0,0,0,0,0,0,0,0,0,0,0,0,0
"ASV571",0,0,0,0,0,0,0,32,0,34,0,0,0,0,0,0,0,0,0,0,0,0,0,0,0,0,0,0,0,0,0,0,0,0,0,0,0,0,0,0,0,0,0,0,0
"ASV514",0,0,0,0,0,0,0,23,11,50,0,5,0,0,0,0,0,0,0,0,0,0,0,0,0,0,0,0,0,0,0,0,0,0,0,0,0,0,0,0,0,0,0,0,0
"ASV701",0,0,0,0,0,0,0,0,14,23,0,0,0,0,0,0,0,0,0,0,0,0,0,0,0,0,0,0,0,0,0,0,0,0,0,0,0,0,0,0,0,0,0,0,0
"ASV690",0,0,0,0,0,0,0,21,5,13,0,0,0,0,0,0,0,0,0,0,0,0,0,0,0,0,0,0,0,0,0,0,0,0,0,0,0,0,0,0,0,0,0,0,0
"ASV728",0,0,0,0,0,0,0,9,0,18,6,0,0,0,0,0,0,0,0,0,0,0,0,0,0,0,0,0,0,0,0,0,0,0,0,0,0,0,0,0,0,0,0,0,0
"ASV738",0,0,0,0,0,0,0,12,0,20,0,0,0,0,0,0,0,0,0,0,0,0,0,0,0,0,0,0,0,0,0,0,0,0,0,0,0,0,0,0,0,0,0,0,0
"ASV783",0,0,0,0,0,0,0,0,0,0,0,0,0,0,0,0,0,0,0,0,0,0,0,0,0,0,9,18,0,0,0,0,0,0,0,0,0,0,0,0,0,0,0,0,0
"ASV638",0,0,0,0,0,0,0,17,18,15,0,0,0,0,0,0,0,0,0,0,0,0,0,0,0,0,0,0,0,0,0,0,0,0,0,0,0,0,0,0,0,0,0,0,0
"ASV958",0,0,0,0,0,0,0,5,0,9,0,0,0,0,0,0,0,0,0,0,0,0,0,0,0,0,0,0,0,0,0,0,0,0,0,0,0,0,0,0,0,0,0,0,0
"ASV684",0,0,0,0,0,0,0,24,0,16,0,0,0,0,0,0,0,0,0,0,0,0,0,0,0,0,0,0,0,0,0,0,0,0,0,0,0,0,0,0,0,0,0,0,0
"ASV712",0,0,0,0,0,0,0,0,0,0,0,0,0,0,0,0,0,0,0,0,0,0,0,12,14,0,0,0,10,0,0,0,0,0,0,0,0,0,0,0,0,0,0,0,0
"ASV718",0,24,0,0,0,0,0,0,0,0,0,0,0,0,0,0,0,0,0,0,0,0,11,0,0,0,0,0,0,0,0,0,0,0,0,0,0,0,0,0,0,0,0,0,0
"ASV402",0,14,0,9,0,0,0,14,11,16,0,0,0,6,0,0,0,0,0,0,23,0,10,0,0,15,0,13,0,0,0,9,21,23,0,0,0,0,0,0,0,0,0,0,0
"ASV722",0,0,0,0,0,0,0,10,0,12,0,0,0,0,0,0,0,0,0,0,0,0,0,0,0,0,0,0,12,0,0,0,0,0,0,0,0,0,0,0,0,0,0,0,0
"ASV499",0,0,0,0,0,0,0,22,0,15,0,0,0,0,0,0,0,0,0,0,25,0,0,0,0,0,0,0,0,0,0,0,13,0,0,0,0,0,19,0,0,0,0,0,0
"ASV717",12,0,0,0,12,0,0,0,0,0,0,0,0,0,0,0,0,0,0,0,0,0,0,0,0,0,0,0,0,11,0,0,0,0,0,0,0,0,0,0,0,0,0,0,0
"ASV1024",0,0,0,0,0,0,0,0,0,0,0,0,0,0,0,0,0,0,0,0,6,0,0,0,0,0,0,2,0,0,0,0,4,0,0,0,0,0,0,0,0,0,0,0,0
"ASV533",0,0,0,0,0,0,0,23,0,24,0,0,0,0,0,0,0,0,0,0,18,0,0,0,0,0,0,0,0,0,0,0,16,0,0,0,0,0,0,0,0,0,0,0,0
"ASV605",0,7,0,0,0,0,0,0,0,6,0,0,0,0,0,0,0,0,0,0,0,0,4,0,0,7,0,8,8,0,0,0,4,11,0,0,0,2,0,0,0,0,0,0,0
"ASV766",0,0,0,0,0,0,0,9,0,11,0,8,0,0,0,0,0,0,0,0,0,0,0,0,0,0,0,0,0,0,0,0,0,0,0,0,0,0,0,0,0,0,0,0,0
"ASV500",0,6,0,0,0,0,0,13,0,16,0,0,0,0,0,0,0,0,0,0,15,0,6,0,0,4,0,13,0,0,0,0,8,12,0,0,0,0,0,0,0,0,0,0,0
"ASV572",0,0,0,0,0,0,0,16,0,19,0,0,0,0,0,0,0,0,0,0,0,0,0,0,0,0,0,0,13,0,0,0,0,0,0,0,0,0,0,0,0,0,0,0,0
"ASV580",0,2,0,0,0,0,0,0,0,9,0,6,0,0,0,0,0,0,0,0,14,0,0,0,0,0,0,12,0,2,0,0,15,0,0,0,0,4,0,0,0,0,0,0,0
"ASV995",0,0,0,0,0,0,0,0,0,0,0,0,0,0,0,0,0,0,0,0,0,0,6,0,0,0,0,0,0,0,0,0,7,0,0,0,0,0,0,0,0,0,0,0,0
"ASV591",0,0,0,0,0,0,0,52,0,10,0,0,0,0,0,0,0,0,0,0,0,0,0,0,0,0,0,0,0,0,0,0,0,0,0,0,0,0,0,0,0,0,0,0,0
"ASV914",0,6,0,0,0,0,0,0,0,0,0,0,0,0,0,0,0,0,0,0,0,0,0,0,0,10,0,0,0,0,0,0,0,0,0,0,0,0,0,0,0,0,0,0,0
"ASV700",0,0,0,0,0,0,0,8,7,3,0,0,0,0,0,0,0,0,0,0,0,0,0,0,0,0,0,19,0,0,0,0,0,0,0,0,0,0,0,0,0,0,0,0,0
"ASV777",0,0,0,0,0,0,0,19,0,8,0,0,0,0,0,0,0,0,0,0,0,0,0,0,0,0,0,0,0,0,0,0,0,0,0,0,0,0,0,0,0,0,0,0,0
"ASV629",0,0,0,0,0,0,0,35,0,9,0,0,0,0,0,0,0,0,0,0,0,0,0,0,0,0,0,0,8,0,0,0,0,0,0,0,0,0,0,0,0,0,0,0,0
"ASV744",0,0,0,0,0,0,0,20,0,11,0,0,0,0,0,0,0,0,0,0,0,0,0,0,0,0,0,0,0,0,0,0,0,0,0,0,0,0,0,0,0,0,0,0,0
"ASV1275",0,0,0,0,0,0,0,4,0,0,0,0,0,0,0,0,2,0,0,0,0,0,0,0,0,0,0,0,0,0,0,0,0,0,0,0,0,0,0,0,0,0,0,0,0
"ASV1167",0,0,0,0,0,0,4,0,4,0,0,0,0,0,0,0,0,0,0,0,0,0,0,0,0,0,0,0,0,0,0,0,0,0,0,0,0,0,0,0,0,0,0,0,0
"ASV759",0,0,0,0,0,0,0,0,0,0,0,0,0,0,0,0,0,0,0,0,0,0,0,9,0,0,0,20,0,0,0,0,0,0,0,0,0,0,0,0,0,0,0,0,0
"ASV541",0,0,0,0,0,0,0,0,9,0,8,4,0,0,0,0,0,0,0,24,0,0,4,0,0,0,0,0,0,0,0,10,0,18,0,0,0,0,0,0,0,0,0,0,0
"ASV907",0,0,0,0,0,0,0,0,0,0,0,0,0,0,0,0,0,0,0,0,5,12,0,0,0,0,0,0,0,0,0,0,0,0,0,0,0,0,0,0,0,0,0,0,0
"ASV1107",0,0,0,0,0,0,0,0,0,0,0,0,0,0,0,0,0,0,0,0,0,0,0,0,0,0,0,8,2,0,0,0,0,0,0,0,0,0,0,0,0,0,0,0,0
"ASV218",0,0,0,0,0,19,0,0,31,40,28,59,86,89,13,151,0,162,130,59,34,31,35,0,0,0,133,29,0,0,0,88,0,21,0,0,0,0,0,0,0,0,0,0,0
"ASV255",0,0,0,0,0,0,0,0,0,0,0,0,94,0,0,130,0,149,112,109,0,133,0,0,0,0,0,0,0,0,0,0,0,0,0,0,0,0,0,0,0,0,0,0,0
"ASV778",0,0,0,0,0,0,0,16,0,0,0,0,0,0,0,0,0,0,0,0,0,0,0,0,0,0,0,0,11,0,0,0,0,0,0,0,0,0,0,0,0,0,0,0,0
"ASV1092",0,0,0,0,0,0,0,4,0,6,0,0,0,0,0,0,0,0,0,0,0,0,0,0,0,0,0,0,0,0,0,0,0,0,0,0,0,0,0,0,0,0,0,0,0
"ASV853",0,0,0,0,0,0,0,8,0,9,0,3,0,0,0,0,0,0,0,0,0,0,0,0,0,0,0,0,0,0,0,0,0,0,0,0,0,0,0,0,0,0,0,0,0
"ASV1030",0,0,0,0,0,0,0,0,0,0,0,0,0,0,0,0,0,0,0,0,0,0,0,0,0,0,4,0,0,0,0,0,0,0,0,0,0,0,0,0,0,0,0,0,8
"ASV427",0,0,0,0,0,0,0,35,9,19,0,0,0,0,0,0,0,0,0,0,0,0,0,0,0,0,0,0,86,0,0,0,0,0,0,0,0,0,0,0,0,0,0,0,0
"ASV764",0,0,0,0,0,0,0,10,0,18,0,0,0,0,0,0,0,0,0,0,0,0,0,0,0,0,0,0,0,0,0,0,0,0,0,0,0,0,0,0,0,0,0,0,0
"ASV213",0,0,0,0,0,0,0,50,31,59,0,33,0,0,0,0,0,0,0,0,0,0,0,0,0,0,0,0,1126,0,0,0,0,0,0,0,0,0,0,0,0,0,0,0,0
"ASV99",0,0,0,0,0,0,0,132,71,126,42,0,0,0,0,0,0,0,0,0,0,0,0,25,15,0,0,145,7173,0,0,0,0,5,0,0,0,0,0,0,0,0,0,0,0
"ASV248",0,0,0,0,0,0,0,324,15,78,0,35,0,0,0,0,0,0,0,0,0,0,0,0,0,0,0,0,360,0,0,0,0,0,0,0,0,0,0,0,0,0,0,0,0
"ASV585",0,0,0,0,0,0,0,29,0,0,0,34,0,0,0,0,0,0,0,0,0,0,0,0,0,0,0,0,0,0,0,0,0,0,0,0,0,0,0,0,0,0,0,0,0
"ASV963",0,0,0,0,0,0,0,0,0,3,1,0,0,0,0,0,0,0,0,0,0,0,0,0,0,0,0,9,1,0,0,0,0,0,0,0,0,0,0,0,0,0,0,0,0
"ASV540",0,0,0,0,0,0,0,12,0,14,0,0,0,0,0,0,0,0,0,0,0,0,0,0,0,0,0,0,51,0,0,0,0,0,0,0,0,0,0,0,0,0,0,0,0
"ASV375",0,0,0,0,0,0,0,27,36,31,0,0,0,0,0,0,0,0,0,0,0,0,0,0,0,0,0,16,109,0,0,0,0,0,0,0,0,0,0,0,0,0,0,0,0
"ASV607",0,0,0,0,0,0,0,31,0,0,14,11,0,0,0,0,0,0,0,0,0,0,0,0,0,0,0,0,0,0,0,0,0,0,0,0,0,0,0,0,0,0,0,0,0
"ASV551",0,0,0,0,0,0,0,0,0,0,0,0,0,0,0,0,0,0,0,0,0,0,0,0,0,0,0,20,55,0,0,0,0,0,0,0,0,0,0,0,0,0,0,0,0
"ASV45",98,99,350,882,835,1219,892,12,635,602,711,1184,404,585,812,2745,87,2155,2356,1041,1045,1276,987,125,52,6,2215,927,341,40,17,511,136,163,54,575,57,112,83,438,93,28,1321,1258,2113
"ASV140",0,0,0,66,72,125,83,0,125,145,130,258,0,35,0,211,0,129,192,109,138,180,115,0,0,0,158,57,0,0,0,88,0,31,0,0,0,0,0,0,0,0,233,219,373
"ASV389",0,0,0,0,0,0,0,0,11,25,17,27,0,0,0,0,0,0,0,0,0,0,0,0,0,0,0,0,0,0,0,0,0,0,0,14,3,5,4,0,0,0,24,19,46
"ASV325",0,4,10,25,23,22,24,0,0,0,0,0,0,8,0,16,0,23,33,0,11,26,10,0,0,0,49,20,5,0,0,7,0,0,0,0,0,0,0,0,0,0,0,0,0
"ASV281",0,0,0,0,0,0,0,0,0,0,0,0,0,0,0,0,0,0,0,0,0,0,0,76,0,0,252,150,39,0,0,0,0,0,0,0,0,0,0,0,0,0,0,0,0
"ASV24",110,139,403,1756,1700,2198,1308,179,2746,3032,2561,4476,5056,3279,1020,5887,54,7069,7107,6435,4589,6471,1972,1420,670,39,6585,2660,766,265,0,905,117,356,2318,1403,369,799,418,2157,706,8,2336,1472,2614
"ASV136",0,0,0,0,42,42,0,55,437,457,415,554,0,0,0,0,0,0,0,184,113,141,111,37,0,0,233,78,32,0,0,35,0,0,0,0,0,0,0,0,92,0,108,73,189
"ASV64",0,0,54,166,232,230,136,0,151,174,198,324,395,391,219,623,51,567,542,1987,1326,1479,947,494,314,0,3262,1051,346,181,8,274,49,156,0,81,0,0,0,80,162,0,414,253,475
"ASV283",0,0,0,0,0,0,0,0,0,0,0,0,98,0,0,102,0,165,144,0,0,0,0,0,0,0,0,0,0,0,0,0,0,0,0,0,0,0,0,0,0,0,0,0,0
"ASV303",0,0,0,0,0,0,0,0,0,0,55,110,0,0,0,0,0,0,0,0,0,0,0,0,0,0,103,0,0,0,0,0,0,0,0,0,0,0,0,0,0,0,0,49,84
"ASV355",0,0,0,0,0,0,0,0,0,0,0,0,69,0,0,0,0,98,87,0,0,0,0,0,0,0,0,0,0,0,0,0,0,0,0,0,0,0,0,0,0,0,0,0,0
"ASV354",0,0,0,0,0,0,0,67,13,177,0,0,0,0,0,0,0,0,0,0,0,0,0,0,0,0,0,0,0,0,0,0,0,0,0,0,0,0,0,0,0,0,0,0,0
"ASV573",0,0,0,0,0,0,0,15,0,13,0,0,0,0,0,0,0,0,0,0,0,0,0,0,0,0,0,0,0,0,0,0,0,0,0,0,0,0,0,0,0,0,0,0,0
"ASV634",0,0,0,0,0,0,0,0,0,40,11,0,0,0,0,0,0,0,0,0,0,0,0,0,0,0,0,0,0,0,0,0,0,0,0,0,0,0,0,0,0,0,0,0,0
"ASV388",0,0,0,0,0,0,0,107,0,40,0,49,0,0,0,0,0,0,0,0,0,0,0,0,0,0,0,0,0,0,0,0,0,0,0,0,0,0,0,0,0,0,0,0,0
"ASV455",0,0,0,0,0,0,0,0,0,62,0,64,0,0,0,0,0,0,0,0,0,0,0,0,0,0,0,0,0,0,0,0,0,0,0,0,0,0,0,0,0,0,0,0,0
"ASV315",0,6,0,0,2,3,0,0,0,0,0,0,7,0,0,0,0,0,0,0,59,23,28,3,0,3,47,10,0,0,10,22,66,31,0,0,0,0,0,0,0,0,0,31,0
"ASV517",0,0,0,0,0,0,0,0,0,0,0,0,0,0,0,0,0,0,0,2,33,10,14,0,0,11,14,0,0,0,0,0,0,4,0,0,0,0,0,0,0,0,0,0,0
"ASV579",0,0,0,0,0,0,0,0,0,0,0,0,0,0,0,0,0,0,0,0,0,0,0,0,0,9,45,7,0,0,0,0,0,0,0,2,2,0,0,0,0,0,0,0,0
"ASV481",0,0,0,0,0,0,0,0,0,0,0,0,0,0,0,0,0,0,0,0,0,0,0,0,0,0,0,0,0,0,13,10,55,26,0,0,0,0,0,0,0,0,0,0,0
"ASV181",0,0,0,0,0,0,0,0,0,0,0,0,191,120,0,119,10,329,1049,0,0,0,12,0,0,0,0,0,0,0,0,0,0,0,0,0,0,0,0,0,0,0,0,0,0
"ASV279",0,0,0,0,0,0,0,0,0,0,0,0,55,0,0,42,0,84,355,0,0,0,0,0,0,0,0,0,0,0,0,0,0,0,0,0,0,0,0,0,0,0,0,0,0
"ASV142",32,291,157,380,318,456,298,5,17,29,10,30,0,0,3,21,0,14,30,216,85,141,137,0,0,0,42,21,5,0,0,0,0,0,2,7,24,15,10,3,6,0,161,120,144
"ASV888",0,0,0,0,0,0,0,0,0,0,0,0,5,0,0,0,0,0,0,0,0,0,0,3,0,0,0,0,0,0,0,0,0,0,0,0,0,0,0,4,0,6,0,0,0
"ASV534",0,0,0,0,0,0,0,14,24,30,0,12,0,0,0,0,0,0,0,0,0,0,0,0,0,0,0,0,0,0,0,0,0,0,0,0,0,0,0,0,0,0,0,0,0
"ASV318",0,0,0,0,0,0,0,0,0,264,0,84,0,0,0,0,0,0,0,0,0,0,0,0,0,0,0,0,0,0,0,0,0,0,0,0,0,0,0,0,0,0,0,0,0
"ASV280",0,0,0,0,0,0,0,443,0,0,0,74,0,0,0,0,0,0,0,0,0,0,0,0,0,0,0,0,0,0,0,0,0,0,0,0,0,0,0,0,0,0,0,0,0
"ASV56",2327,404,195,299,465,480,365,11,9,0,6,0,590,484,200,586,394,796,618,0,0,10,41,16,15,10,29,288,7413,3966,103,249,88,285,137,482,193,188,99,46,102,40,53,38,105
"ASV681",0,27,0,0,0,0,0,0,0,0,0,0,0,0,0,0,0,0,0,0,0,0,0,0,0,0,0,0,0,0,0,0,0,0,0,0,0,13,0,0,0,0,0,0,0
"ASV656",0,0,0,0,0,0,0,0,0,0,0,0,0,0,0,0,30,0,0,0,0,0,0,0,0,0,0,0,0,0,0,0,0,0,0,0,0,0,0,0,0,0,0,15,0
"ASV360",0,0,0,0,0,0,0,0,0,0,0,0,0,41,0,0,0,0,0,6,74,41,24,0,0,0,0,19,0,0,0,0,0,0,0,15,0,0,0,0,0,0,0,0,25
"ASV814",0,0,0,0,0,0,0,8,0,15,0,0,0,0,0,0,0,0,0,0,0,0,0,0,0,0,0,0,0,0,0,0,0,0,0,0,0,0,0,0,0,0,0,0,0
"ASV90",0,0,0,0,0,0,0,21,0,55,0,0,0,0,0,0,0,0,0,0,0,0,0,0,36,0,0,0,9106,0,0,0,0,0,0,0,0,0,0,0,0,0,0,0,0
"ASV309",0,0,0,0,0,0,0,54,7,56,0,0,0,0,0,0,0,0,0,0,0,0,0,0,0,0,0,0,73,0,0,0,0,0,0,0,0,0,0,0,0,0,0,0,186
"ASV791",0,0,0,0,0,0,0,0,0,0,0,0,0,0,0,0,5,0,0,0,0,0,4,0,0,0,0,0,0,0,0,0,0,0,0,0,0,0,0,0,0,0,0,17,0
"ASV704",0,0,0,0,0,0,0,0,0,0,0,0,0,0,0,0,0,0,0,0,0,0,6,0,0,13,18,0,0,0,0,0,0,0,0,0,0,0,0,0,0,0,0,0,0
"ASV421",0,0,0,0,0,0,0,129,0,28,0,0,0,0,0,0,0,0,0,0,0,0,0,0,0,0,0,0,0,0,0,0,0,0,0,0,0,0,0,0,0,0,0,0,0
"ASV935",0,0,0,0,0,0,0,11,0,0,0,4,0,0,0,0,0,0,0,0,0,0,0,0,0,0,0,0,0,0,0,0,0,0,0,0,0,0,0,0,0,0,0,0,0
"ASV373",0,0,0,0,0,0,0,44,14,42,4,13,0,0,0,0,0,0,0,0,0,0,0,0,0,0,0,16,88,0,0,0,0,0,0,0,0,0,0,0,0,0,0,0,0
"ASV372",0,0,0,0,0,0,0,125,0,96,0,0,0,0,0,0,0,0,0,0,0,0,0,0,0,0,0,0,0,0,0,0,0,0,0,0,0,0,0,0,0,0,0,0,0
"ASV300",0,0,0,0,0,0,0,0,0,0,0,0,0,0,0,0,0,0,0,0,0,0,0,7,0,2,184,214,4,0,0,0,0,0,0,0,0,0,0,0,0,0,0,0,0
"ASV79",39,45,610,606,39,324,310,6,444,307,150,407,34,670,4,168,0,326,390,695,1032,544,334,6,0,4,206,654,0,9,3,419,42,14,0,1727,5,7,0,15,16,3,373,298,1521
"ASV282",0,0,0,0,0,0,0,0,0,0,0,0,0,0,0,0,0,0,0,0,0,0,0,12,0,0,148,345,9,0,0,0,0,0,0,0,0,0,0,0,0,0,0,0,0
"ASV863",0,0,0,0,0,0,0,0,0,0,0,0,0,0,0,0,0,0,0,0,0,0,0,0,0,0,0,0,0,4,0,0,16,0,0,0,0,0,0,0,0,0,0,0,0
"ASV832",0,0,0,0,0,0,0,14,0,7,0,0,0,0,0,0,0,0,0,0,0,0,0,0,0,0,0,0,0,0,0,0,0,0,0,0,0,0,0,0,0,0,0,0,0
"ASV596",0,0,0,0,0,0,0,0,0,0,0,0,0,0,0,0,0,0,0,0,0,0,7,0,0,20,0,0,0,0,8,5,18,3,0,0,0,0,0,0,0,0,0,0,0
"ASV235",5,0,0,0,3,0,0,61,85,258,26,369,0,0,0,0,0,0,0,5,29,18,15,0,4,21,8,41,6,0,0,0,0,0,12,0,7,0,3,5,0,0,0,0,0
"ASV1005",0,0,0,0,0,0,0,0,0,0,0,0,0,0,0,0,0,0,0,0,0,0,0,0,0,0,0,0,0,0,0,0,7,6,0,0,0,0,0,0,0,0,0,0,0
"ASV98",9,0,0,22,25,28,13,47,128,280,99,349,400,160,154,786,34,341,630,118,111,99,259,446,581,23,953,374,216,37,0,54,30,80,65,50,139,152,137,118,70,4,59,127,215
"ASV393",3,4,21,16,32,42,17,0,0,13,0,0,0,0,0,0,0,0,0,0,0,0,0,0,0,0,0,0,0,0,0,0,5,0,0,0,0,0,0,0,0,0,4,13,20
"ASV522",0,0,0,0,0,0,0,0,18,31,8,29,0,0,0,0,0,0,0,0,0,0,0,0,0,0,0,0,0,0,0,0,0,0,0,0,0,0,0,0,0,0,0,0,0
"ASV32",0,0,0,0,0,0,0,0,0,0,0,0,0,0,0,0,0,0,0,0,0,0,0,1511,2338,4931,22657,9177,5188,0,0,0,0,0,1285,559,12580,2734,2426,714,0,0,0,0,0
"ASV67",0,0,0,0,0,0,0,0,0,0,0,0,0,0,0,0,0,0,0,0,0,0,0,446,770,1667,7399,3123,1788,0,0,0,0,0,0,0,0,0,0,0,0,0,0,0,0
"ASV49",423,361,606,930,850,699,748,548,903,2855,529,1293,173,78,114,326,329,164,372,292,116,256,1139,126,72,310,408,305,154,226,67,93,312,160,1892,229,1843,2690,2886,1127,256,116,287,645,525
"ASV193",0,0,0,0,0,0,0,78,85,335,85,110,123,47,111,142,189,67,185,0,0,0,0,0,0,0,0,0,0,0,0,0,0,0,0,0,0,0,0,0,0,0,0,0,0
"ASV202",0,0,0,0,0,0,0,0,0,0,0,0,0,0,0,0,0,0,0,0,0,0,0,25,22,501,623,131,119,0,0,0,0,0,0,0,0,0,0,0,0,0,0,0,0
"ASV190",0,0,0,0,0,0,0,0,0,0,0,0,0,0,0,0,0,0,0,0,0,0,0,41,34,549,670,149,153,0,0,0,0,0,0,0,0,0,9,0,0,0,0,0,0
"ASV411",0,0,0,0,0,0,0,0,0,0,0,0,0,0,0,0,0,0,0,0,0,0,0,1,0,3,1,0,2,0,0,0,0,0,28,0,30,37,43,25,0,0,0,0,0
"ASV1004",0,0,0,0,0,0,0,0,0,0,0,0,0,0,0,0,0,0,0,0,0,0,0,0,0,0,0,0,0,0,0,0,9,4,0,0,0,0,0,0,0,0,0,0,0
"ASV211",0,0,0,0,0,0,0,0,0,0,0,0,0,0,0,0,0,0,0,0,0,0,0,22,36,447,723,71,24,0,0,0,0,0,0,0,0,0,0,0,0,0,0,0,0
"ASV723",0,0,0,0,0,0,0,0,0,0,0,0,0,0,0,0,0,0,0,0,0,0,0,0,0,24,0,0,10,0,0,0,0,0,0,0,0,0,0,0,0,0,0,0,0
"ASV378",0,0,0,0,0,0,0,0,0,0,0,0,0,0,0,0,0,0,0,0,0,0,0,0,45,55,45,66,0,0,0,0,0,0,0,0,0,0,0,0,0,0,0,0,0
"ASV479",0,0,0,0,0,0,0,0,0,0,0,0,0,0,0,0,0,0,0,0,0,0,0,29,0,0,0,47,28,0,0,0,0,0,0,0,0,0,0,0,0,0,0,0,0
"ASV57",34,110,160,256,239,187,203,6,17,39,10,61,181,63,79,244,233,178,437,617,606,765,8827,522,279,1989,1726,1487,1036,39,86,93,174,55,8,0,0,0,0,0,83,52,104,180,204
"ASV128",0,0,0,0,0,0,0,0,0,0,0,0,291,383,526,842,383,685,1111,0,0,0,16,0,0,0,0,0,0,0,0,0,0,0,0,0,0,0,0,0,0,0,0,0,0
"ASV285",0,0,0,0,0,0,0,7,55,260,27,15,11,19,12,18,13,10,12,0,0,0,8,0,0,0,0,0,0,0,5,8,0,10,0,0,0,0,0,0,0,0,0,0,0
"ASV119",0,0,0,0,0,0,0,0,0,0,0,0,53,22,183,37,82,15,104,0,0,0,0,0,0,0,0,0,0,0,0,0,0,0,143,104,1085,1252,1285,551,0,0,0,0,0
"ASV509",0,0,0,0,0,0,0,0,0,0,0,0,0,0,0,0,0,0,0,0,0,0,0,0,0,0,0,0,0,0,0,0,0,0,0,13,4,25,32,17,0,0,0,0,0
"ASV215",0,0,0,13,0,0,16,0,0,0,0,0,0,0,0,0,0,12,0,0,42,29,89,0,51,20,84,96,41,0,31,70,55,53,0,39,160,128,150,71,0,10,0,31,0
"ASV226",0,0,0,0,0,0,0,0,27,36,25,67,0,0,0,0,0,0,0,0,0,0,61,56,0,0,132,143,0,11,0,62,48,41,13,38,90,80,80,41,0,0,26,26,56
"ASV930",0,0,0,0,0,0,0,0,0,0,0,0,0,0,0,0,0,0,0,0,0,0,0,0,0,0,0,0,0,0,0,8,0,8,0,0,0,0,0,0,0,0,0,0,0
"ASV126",0,0,9,15,10,14,14,23,488,461,346,860,31,167,78,301,150,333,661,0,0,0,0,0,0,0,0,0,0,0,0,12,0,0,51,55,2,21,33,130,0,0,20,52,36
"ASV335",0,0,0,0,0,0,0,10,19,34,18,18,8,0,0,0,0,8,19,39,36,27,62,0,0,0,0,0,0,0,0,0,0,0,0,0,0,0,0,0,0,0,0,0,0
"ASV536",0,0,0,0,0,0,0,0,0,0,0,0,0,0,0,0,0,0,0,0,0,0,0,0,0,0,0,0,0,0,0,0,0,0,0,0,9,22,31,18,0,0,0,0,0
"ASV416",0,0,0,0,0,0,0,0,14,49,14,13,0,0,0,0,0,0,0,0,0,0,0,0,3,12,58,0,0,0,0,0,0,0,0,0,0,0,0,0,0,0,0,0,0
"ASV392",0,0,0,0,0,0,0,0,0,0,0,0,0,0,6,18,23,0,20,5,8,11,70,0,0,5,9,0,6,0,0,0,0,0,0,0,5,0,0,6,0,0,0,0,0
"ASV184",32,0,25,56,72,55,39,42,93,170,57,163,36,8,0,36,19,12,38,26,29,28,34,40,31,0,46,68,42,20,8,0,5,6,16,0,0,3,8,18,24,0,84,37,180
"ASV19",1551,131,684,2433,3300,3332,2150,867,2705,3141,2283,5081,1249,593,374,3779,623,1192,2321,1344,3541,3339,2401,3627,4316,191,4153,2927,2083,5592,28,726,291,2288,5584,720,871,2147,2784,1114,5000,452,2954,5407,4814
"ASV617",0,0,0,0,0,0,0,0,0,0,0,0,0,0,0,0,0,0,0,0,0,0,0,0,0,0,30,4,0,0,0,11,0,10,0,0,0,0,0,0,0,0,0,0,0
"ASV439",0,0,0,0,0,0,0,0,0,0,0,0,0,0,0,0,0,0,14,0,0,0,0,0,0,6,74,35,16,0,0,0,0,0,0,0,0,0,0,0,0,0,0,0,0
"ASV797",0,0,0,0,0,0,0,0,5,10,5,5,0,0,0,0,0,0,0,0,0,0,0,0,0,0,0,0,0,0,0,0,0,0,0,0,0,0,0,0,0,0,0,0,0
"ASV1243",0,0,0,0,0,0,0,0,0,0,0,0,0,0,0,0,0,0,0,0,0,0,0,0,0,5,2,0,0,0,0,0,0,0,0,0,0,0,0,0,0,0,0,0,0
"ASV294",0,0,0,0,0,0,0,0,0,0,0,0,0,0,0,0,0,0,0,19,13,0,37,0,13,0,20,10,12,0,0,0,0,0,30,0,14,0,14,13,15,58,32,88,58
"ASV454",0,0,0,0,0,0,0,0,18,36,13,28,9,0,0,12,0,0,10,0,0,0,0,0,0,0,0,0,0,0,0,0,0,0,0,0,0,0,0,0,0,0,0,0,0
"ASV856",0,0,0,0,0,0,0,0,0,7,1,12,0,0,0,0,0,0,0,0,0,0,0,0,0,0,0,0,0,0,0,0,0,0,0,0,0,0,0,0,0,0,0,0,0
"ASV141",125,53,48,43,29,11,32,14,22,30,13,44,8,0,7,6,0,7,12,232,91,53,406,17,13,24,181,63,75,72,25,67,132,55,41,59,394,247,293,75,38,9,22,41,21
"ASV724",0,0,0,0,0,0,0,0,0,0,0,0,0,0,0,0,0,0,0,0,0,0,0,0,0,7,27,0,0,0,0,0,0,0,0,0,0,0,0,0,0,0,0,0,0
"ASV553",0,0,0,0,0,0,0,0,0,0,0,0,3,0,4,5,0,5,9,0,0,0,0,0,0,0,0,0,0,0,8,13,11,16,0,0,0,0,0,0,0,0,0,0,0
"ASV237",0,0,0,0,0,0,0,0,0,0,0,0,0,0,0,0,0,0,0,0,0,0,0,199,285,148,152,73,94,0,0,0,0,0,0,0,0,0,0,0,0,0,0,0,0
"ASV120",0,0,0,0,0,0,0,0,0,0,0,0,71,87,191,257,54,203,280,143,133,122,979,96,60,14,394,147,86,12,28,112,99,86,15,99,266,315,321,202,0,0,0,0,0
"ASV137",0,0,0,0,0,0,0,26,98,173,125,236,45,49,102,121,29,95,136,84,81,85,541,0,0,0,134,64,46,0,0,60,37,41,0,58,105,154,130,81,18,0,105,218,151
"ASV124",0,0,0,0,0,0,0,14,183,189,158,351,44,89,132,172,88,106,189,0,0,0,0,118,183,14,689,215,141,15,29,188,139,205,99,133,64,206,203,249,0,0,12,41,5
"ASV858",0,0,0,0,0,0,0,0,0,0,0,0,0,0,0,0,0,0,0,0,9,6,5,0,0,0,0,0,0,0,0,0,0,0,0,0,0,0,0,0,0,0,0,0,0
"ASV456",0,0,0,0,0,0,0,0,0,0,0,0,0,10,15,19,0,24,1,0,0,0,0,0,0,0,0,0,0,0,0,0,0,0,0,7,12,11,8,18,0,0,0,0,0
"ASV498",0,0,0,0,0,0,0,0,0,0,0,0,0,0,0,0,0,0,38,7,18,15,17,0,0,0,0,0,0,0,0,0,0,0,0,0,0,0,0,0,0,0,0,0,0
"ASV842",0,0,0,0,0,0,0,0,0,0,0,0,0,0,0,0,0,0,0,0,0,0,0,0,0,0,0,0,0,0,0,0,0,0,0,0,0,10,0,11,0,0,0,0,0
"ASV516",0,0,0,17,0,19,11,0,0,0,0,0,0,0,0,0,0,0,0,0,8,0,0,0,0,0,12,15,0,0,0,0,0,0,0,0,0,0,0,6,0,0,0,0,0
"ASV249",0,0,0,0,0,0,0,0,160,280,126,231,0,0,0,0,0,0,0,0,0,0,0,0,0,0,0,0,0,0,0,0,0,0,0,0,0,0,0,0,0,0,0,0,0
"ASV326",0,0,0,0,0,0,0,0,11,26,12,28,0,7,37,0,13,0,43,0,0,0,0,0,0,0,26,0,0,0,0,0,0,0,0,0,24,36,53,0,0,0,0,0,0
"ASV594",0,0,0,0,0,0,0,0,0,0,0,0,0,0,0,0,0,0,0,0,0,0,0,0,0,0,0,0,0,0,8,24,13,17,0,0,0,0,0,0,0,0,0,0,0
"ASV203",0,0,0,0,0,0,0,0,51,55,38,102,23,31,25,43,20,49,54,84,48,42,225,18,48,16,43,38,16,0,0,32,15,27,9,90,108,19,27,14,0,0,0,0,0
"ASV101",0,0,0,0,0,0,0,104,252,341,237,463,8,0,0,5,0,12,53,186,186,139,480,158,97,0,687,193,84,8,28,341,125,347,15,84,173,804,863,477,36,0,108,126,186
"ASV208",0,0,0,0,0,0,0,17,30,48,38,65,0,0,0,0,0,0,0,26,25,14,89,32,36,13,96,90,54,0,0,0,0,0,0,56,102,97,93,67,39,9,37,71,87
"ASV420",0,0,0,0,0,0,0,0,0,0,0,0,0,0,0,0,0,0,0,0,0,0,0,0,0,0,0,0,0,6,12,35,49,56,0,0,0,0,0,0,0,0,0,0,0
"ASV733",0,0,0,0,0,0,0,0,0,0,0,0,0,0,0,0,0,0,0,0,0,0,0,0,0,0,0,0,0,0,0,7,13,0,0,0,0,5,8,0,0,0,0,0,0
"ASV78",0,0,0,0,0,0,0,0,0,0,0,0,0,0,0,0,0,0,0,0,0,0,0,973,860,7639,1936,828,755,0,0,0,0,0,0,0,0,0,0,0,0,0,0,0,0
"ASV26",42,563,233,419,503,395,419,58,421,789,536,1347,1581,602,438,1270,369,957,1737,1302,988,881,1025,3191,2848,27050,7337,2570,2404,938,442,759,427,930,1675,996,6548,5434,6707,3138,1184,459,595,1398,1038
"ASV357",0,0,0,0,0,0,0,0,0,0,0,0,0,0,0,0,0,0,0,84,52,46,66,0,0,0,0,0,0,0,0,0,0,0,0,0,0,0,0,0,0,0,0,0,0
"ASV606",27,11,0,0,11,0,7,0,0,0,0,0,0,0,0,0,0,0,0,0,0,0,0,0,0,0,0,0,0,0,0,0,0,0,0,0,0,0,0,0,0,0,0,0,0
"ASV328",0,0,0,0,0,0,0,0,0,0,0,0,0,0,0,0,0,0,0,0,0,0,0,0,0,0,0,0,0,0,0,0,0,0,0,0,11,141,135,26,0,0,0,0,0
"ASV332",0,6,0,0,0,0,0,0,0,0,0,0,0,0,0,0,0,0,0,0,0,0,0,0,0,0,0,0,0,4,5,9,11,52,26,0,0,89,104,0,0,0,0,0,0
"ASV671",9,17,11,0,5,0,0,0,0,0,0,0,0,0,0,0,0,0,0,0,0,0,0,0,0,0,0,0,0,0,0,0,0,0,0,0,0,0,0,0,0,0,0,0,0
"ASV149",140,37,56,10,23,8,11,0,0,0,0,0,0,0,0,0,0,0,0,0,0,0,0,0,0,0,0,0,0,6,0,0,0,30,920,0,50,637,811,186,0,0,0,0,0
"ASV471",0,0,0,0,0,0,0,0,0,0,0,0,0,0,0,0,0,0,6,0,0,0,0,0,0,24,0,0,0,0,0,0,0,0,0,0,0,0,0,0,18,43,11,9,0
"ASV873",0,0,0,0,0,0,0,0,0,0,0,0,0,0,0,0,0,0,0,0,0,0,0,0,6,0,0,0,0,0,0,0,0,0,0,13,0,0,0,0,0,0,0,0,0
"ASV243",0,0,0,0,0,0,0,0,0,0,0,0,0,11,0,0,2,5,0,0,0,0,0,0,11,581,40,16,11,0,0,0,0,0,0,11,9,0,0,0,35,95,11,23,44
"ASV209",0,0,0,0,0,0,0,0,0,0,0,0,0,0,0,0,0,0,0,0,0,0,0,0,0,0,0,0,0,0,0,0,0,0,439,152,251,201,193,95,0,0,0,0,0
"ASV323",0,0,0,0,0,0,0,0,0,0,0,0,0,0,0,0,0,0,0,0,0,0,0,0,0,0,0,0,0,0,0,0,0,0,106,43,83,40,48,0,0,0,0,0,0
"ASV307",0,0,0,0,0,0,0,0,0,0,0,0,0,0,0,0,0,0,0,0,0,0,0,61,91,17,0,140,76,0,0,0,0,0,0,0,0,0,0,0,0,0,0,0,0
"ASV387",5,0,0,0,0,0,0,0,0,0,0,0,0,0,0,0,0,0,0,0,0,0,0,0,0,152,0,0,0,0,0,0,0,0,6,13,12,9,0,0,0,0,0,0,0
"ASV453",0,0,0,0,0,0,0,0,0,0,0,0,0,0,0,0,0,0,0,0,0,0,0,0,0,0,0,0,0,0,0,0,0,0,0,0,0,0,0,0,34,80,8,0,6
"ASV191",0,0,0,0,0,0,0,0,0,0,0,0,0,0,0,0,0,0,0,0,0,0,0,0,0,0,0,0,0,0,0,0,0,0,135,43,281,470,493,175,0,0,0,0,0
"ASV146",0,0,0,0,0,0,0,0,0,0,0,0,0,0,0,0,0,0,0,0,0,0,0,0,0,0,0,0,0,0,0,0,0,0,1212,120,458,477,597,214,0,0,0,0,0
"ASV405",0,0,0,0,0,0,0,0,0,0,0,0,0,0,0,0,0,0,0,0,0,0,0,0,0,0,0,0,0,0,0,0,0,0,144,0,0,36,0,0,0,0,0,0,0
"ASV1483",0,0,1,0,1,1,0,0,0,0,0,0,0,0,0,0,0,0,0,0,0,0,0,0,0,0,0,0,0,0,0,0,0,0,0,0,0,0,0,0,0,0,0,0,0
"ASV138",159,441,187,141,140,103,108,31,49,15,16,56,4,41,11,19,19,12,32,11,59,22,92,52,59,158,0,35,48,46,9,12,12,18,184,17,69,140,160,58,54,275,9,74,43
"ASV314",0,119,50,40,0,0,0,0,0,0,0,0,0,0,0,0,0,0,0,0,0,0,0,0,0,0,0,0,0,0,0,0,0,0,41,0,0,39,0,0,0,64,0,0,0
"ASV305",130,141,41,15,31,0,16,0,0,0,0,0,0,0,0,0,0,0,0,0,0,0,0,0,0,0,0,0,0,0,9,0,5,0,0,0,0,0,0,0,0,0,0,0,0
"ASV91",789,1706,940,546,707,333,426,9,9,10,0,31,0,0,0,9,0,5,0,0,11,0,74,0,16,3,0,38,87,12,0,0,0,9,33,0,0,0,0,0,627,1424,258,608,443
"ASV620",34,20,0,0,0,0,0,0,0,0,0,0,0,0,0,0,0,0,0,0,0,0,0,0,0,0,0,0,0,0,0,0,0,0,0,0,0,0,0,0,0,0,0,0,0
"ASV1084",0,0,0,5,3,0,2,0,0,0,0,0,0,0,0,0,0,0,0,0,0,0,0,0,0,0,0,0,0,0,0,0,0,0,0,0,0,0,0,0,0,0,0,0,0
"ASV487",20,31,14,12,0,0,15,0,0,0,0,0,0,0,0,0,0,0,0,0,0,0,0,0,0,0,0,0,0,0,0,0,0,0,0,0,0,0,0,0,0,9,0,0,0
"ASV754",14,15,0,0,0,0,0,0,0,0,0,0,0,0,0,0,0,0,0,0,0,0,0,0,0,0,0,0,0,0,0,0,0,0,0,0,0,0,0,0,0,0,0,0,0
"ASV425",0,0,0,0,0,0,0,9,0,0,5,14,0,0,0,0,0,0,0,0,0,0,0,0,0,0,0,0,0,34,27,5,14,44,0,0,0,0,0,0,0,0,0,0,0
"ASV231",10,9,4,0,0,0,0,0,0,0,0,0,0,0,0,0,0,0,0,0,0,0,0,0,0,0,0,0,0,7,0,0,0,42,56,0,25,407,410,74,0,0,0,0,0
"ASV212",33,53,25,17,17,5,6,0,0,0,0,0,0,0,0,0,0,0,0,0,0,2,0,0,0,0,0,0,31,4,0,0,2,6,152,0,4,80,127,32,114,505,6,79,5
"ASV166",326,0,0,0,0,0,0,190,89,0,84,113,0,0,0,0,0,0,0,0,0,0,0,301,313,0,391,248,125,0,0,0,0,0,0,0,0,0,0,0,0,0,0,0,0
"ASV170",0,0,0,0,0,0,0,0,0,0,0,0,0,132,186,140,168,92,88,0,0,0,0,218,348,0,313,216,104,0,0,0,92,0,0,0,0,0,0,0,0,0,0,0,0
"ASV1",13847,2561,4676,8954,8443,9672,6771,9964,8048,8069,7766,9412,10875,10735,34156,15175,35894,8638,14059,15603,8735,13980,12900,12185,12177,231,14805,13328,6323,16875,752,5361,3395,2939,11151,5631,511,1284,997,5856,27134,7047,11453,19030,30763
"ASV60",1782,380,762,1531,1471,1737,1209,0,0,0,0,0,0,0,203,0,202,0,0,909,554,828,921,0,0,0,185,127,0,1211,0,298,165,158,590,477,47,147,118,610,780,181,372,634,1111
"ASV131",0,0,0,0,0,0,0,0,0,0,0,0,0,215,323,209,220,162,143,0,0,0,0,363,570,0,477,436,166,132,0,75,156,0,0,0,0,0,0,0,0,0,0,0,0
"ASV59",477,0,93,179,180,194,133,107,263,211,231,341,289,421,930,530,836,365,458,349,187,384,428,633,939,0,847,768,378,393,0,163,233,101,318,174,0,0,0,101,2019,354,908,1461,2481
"ASV171",0,0,0,0,0,0,0,0,0,0,0,0,0,0,0,0,0,0,0,0,0,0,0,386,608,0,465,392,195,0,0,0,0,0,0,0,0,0,0,0,0,0,0,0,0
"ASV267",0,0,0,0,0,0,0,0,0,0,0,0,0,0,0,0,0,0,0,198,94,211,101,0,0,0,0,0,0,0,0,0,0,0,0,0,0,0,0,0,0,0,0,0,0
"ASV352",0,0,0,0,0,0,0,0,0,0,0,0,0,0,0,0,0,0,0,0,0,0,0,0,0,75,0,0,0,0,0,0,0,0,0,184,0,0,0,0,0,0,0,0,0
"ASV29",2610,5067,482,540,622,340,620,15,11,21,0,12,0,42,12,0,20,13,0,0,0,0,15,197,526,1534,344,203,126,187,0,78,31,258,178,2948,51,23,0,19,16924,32789,3200,3479,13790
"ASV333",0,0,0,0,0,0,0,0,0,0,0,0,0,0,0,0,0,0,0,0,0,0,0,0,0,0,0,0,0,0,0,0,0,0,0,0,0,0,0,0,98,0,55,0,152
"ASV408",0,0,0,0,0,0,0,0,0,0,0,0,0,0,0,0,0,0,0,0,0,0,0,0,0,57,0,0,0,0,0,0,0,0,0,118,0,0,0,0,0,0,0,0,0
"ASV395",114,0,23,21,8,0,14,0,0,0,0,0,0,0,0,0,0,0,0,0,0,0,0,0,0,0,0,0,0,0,0,0,0,0,0,9,0,0,0,0,0,0,0,0,0
"ASV486",52,29,21,0,0,0,0,0,0,0,0,0,0,0,0,0,0,0,0,0,0,0,0,0,0,0,0,0,0,0,0,0,0,0,0,0,0,0,0,0,0,0,0,0,0
"ASV593",0,0,0,0,0,0,0,0,0,0,0,0,0,0,0,0,0,0,0,0,0,0,0,0,0,0,43,19,0,0,0,0,0,0,0,0,0,0,0,0,0,0,0,0,0
"ASV145",0,0,92,120,157,173,127,0,0,0,0,0,64,100,0,374,0,340,502,79,172,175,121,0,0,0,147,0,0,0,0,98,0,0,0,154,0,0,0,92,0,0,0,0,0
"ASV9",214,91,2604,4493,5343,5803,4390,31,5541,7790,5390,10183,2519,3168,817,12944,56,9941,15403,1384,5032,4535,3863,104,22,14,14393,9051,2914,421,19,4171,921,1994,63,4576,128,215,199,3053,123,129,5777,7126,13357
"ASV343",0,0,0,0,0,0,0,0,0,0,0,0,52,0,0,107,0,0,124,0,0,0,0,0,0,0,0,0,0,0,0,0,0,0,0,0,0,0,0,0,0,0,0,0,0
"ASV287",0,0,0,0,0,0,0,0,0,74,0,134,0,0,0,0,0,0,0,0,0,0,0,0,0,0,0,0,0,0,0,0,0,0,0,127,0,0,0,138,0,0,0,0,0
"ASV199",44,0,75,120,204,171,138,0,0,0,0,0,0,0,0,80,0,0,0,69,190,237,170,0,0,0,0,0,0,0,0,0,0,0,0,0,0,0,0,0,0,0,0,0,0
"ASV18",353,37,2175,3653,5814,4582,3731,0,1981,3448,2053,4251,1130,974,1165,3491,130,2157,2395,1394,5169,6618,4488,379,72,0,4985,3838,1769,658,40,2773,741,1384,526,3416,78,190,228,2207,236,102,5136,7451,14296
"ASV143",0,0,85,150,198,190,137,0,113,240,113,229,0,50,58,153,0,93,112,0,147,173,96,0,0,0,0,0,0,0,0,105,36,0,0,137,0,0,0,0,0,0,132,170,248
"ASV337",0,0,0,53,87,93,60,0,0,0,0,0,0,0,0,0,0,0,0,0,0,0,0,0,0,0,0,0,0,0,0,0,0,0,0,0,0,0,0,0,0,0,0,0,0
"ASV82",0,25,64,169,188,189,130,0,330,542,441,807,298,265,186,314,17,421,644,124,182,166,189,124,40,0,1180,583,191,55,0,293,98,179,29,475,122,286,180,309,23,0,211,339,539
"ASV173",0,0,0,0,0,0,0,0,109,137,125,226,67,51,76,101,10,94,111,28,30,0,0,28,0,0,186,147,0,0,0,63,0,51,13,0,0,0,0,0,28,0,69,91,156
"ASV43",40,0,0,98,68,99,71,29,784,1295,790,1646,1491,1318,557,4179,44,2487,4525,1107,1158,1400,2055,944,683,23,7103,2785,1182,193,0,681,194,422,647,433,0,0,38,478,124,0,631,918,1358
"ASV376",0,0,0,0,0,0,0,0,0,0,0,0,0,0,0,0,0,0,0,0,0,0,0,0,0,0,0,0,0,0,0,0,0,0,59,69,0,0,0,89,0,0,0,0,0
"ASV83",368,0,83,126,128,142,86,370,265,287,256,241,0,0,0,0,0,0,0,552,302,528,342,880,854,0,921,786,414,126,0,0,0,0,373,133,0,0,0,137,727,93,257,398,725
"ASV125",397,0,0,0,0,0,0,391,201,239,209,240,0,0,0,0,0,0,0,0,74,87,87,284,325,0,364,271,113,953,0,116,59,71,0,0,0,0,0,0,0,0,0,0,0
"ASV474",0,0,0,0,0,0,0,0,0,0,0,0,0,0,0,0,0,0,0,0,0,0,0,0,0,0,0,0,0,0,40,13,36,20,0,0,0,0,0,0,0,0,0,0,0
"ASV356",0,0,0,0,0,0,0,0,25,86,24,117,0,0,0,0,0,0,0,0,0,0,0,0,0,0,0,0,0,0,0,0,0,0,0,0,0,0,0,0,0,0,0,0,0
"ASV269",0,0,0,0,0,0,0,0,0,0,0,0,11,6,0,16,0,12,41,0,0,0,0,56,22,55,250,49,46,0,0,0,0,0,0,0,0,12,14,0,0,0,0,0,0
"ASV76",88,691,622,1037,789,516,480,21,214,270,81,357,13,0,11,0,29,18,41,14,26,20,39,41,50,131,490,218,103,245,6,63,72,101,421,142,1050,853,1025,482,11,48,164,247,2007
"ASV63",4,219,126,140,158,128,106,0,116,171,101,190,94,92,233,139,470,118,334,227,189,193,118,600,796,3505,1994,1357,1103,567,50,78,47,184,442,181,266,367,494,353,124,761,100,532,246
"ASV304",0,0,0,0,0,0,0,0,0,0,0,0,0,0,0,0,0,0,0,0,0,0,0,0,0,0,0,0,0,0,0,0,0,0,95,0,60,73,89,79,0,0,0,0,0
"ASV1605",0,0,0,0,0,0,0,0,1,1,0,0,0,0,0,0,0,0,0,0,0,0,0,0,0,0,0,0,0,0,0,0,0,0,0,0,0,0,0,0,0,0,0,0,0
"ASV153",0,0,0,0,0,0,0,42,108,161,53,160,0,0,0,0,0,0,0,0,0,0,0,24,58,20,19,26,17,0,0,0,0,0,701,76,192,342,497,275,0,0,0,0,0
"ASV198",0,0,0,16,0,0,0,0,0,0,0,0,0,50,8,48,29,37,76,46,28,15,40,0,0,0,0,42,0,0,42,67,45,21,0,906,0,0,0,0,0,0,0,0,0
"ASV256",0,39,23,21,15,12,8,0,11,16,3,24,0,0,5,0,5,0,8,0,9,0,10,0,9,141,43,4,19,26,4,10,0,9,14,9,25,50,55,15,7,28,0,29,17
"ASV296",0,0,0,0,0,0,0,0,16,73,0,60,0,0,0,0,0,0,0,0,0,0,0,0,0,0,0,0,0,0,0,0,0,0,0,184,18,29,33,25,0,0,0,0,0
"ASV161",0,0,0,0,0,0,0,13,50,67,32,62,0,21,9,46,19,14,35,7,0,0,14,0,0,9,34,18,0,45,23,23,8,52,385,194,164,317,346,300,39,12,11,54,16
"ASV109",95,10,31,73,63,67,51,0,26,46,21,63,8,27,10,63,14,18,40,43,100,69,562,102,307,499,529,356,145,107,0,41,8,52,206,328,378,493,685,267,89,92,58,93,185
"ASV210",33,0,0,0,0,0,0,12,0,0,0,0,0,0,0,0,0,0,0,0,0,33,176,0,0,55,36,0,0,0,0,0,0,0,72,120,121,202,240,87,0,31,0,33,78
"ASV36",299,1052,693,881,927,544,442,16,110,157,80,150,87,155,170,238,251,90,341,6582,2476,3700,4953,227,251,390,901,458,154,168,50,59,29,43,3122,2004,5449,5320,7745,2611,697,430,591,1513,2133
"ASV230",0,0,0,0,12,0,0,0,0,0,0,0,0,0,0,0,0,0,0,55,72,48,54,0,0,0,0,0,0,17,0,0,0,0,0,44,125,78,90,25,80,49,58,123,127
"ASV236",0,27,7,8,12,6,0,0,28,43,22,61,0,5,0,10,0,9,18,0,7,5,0,0,8,14,88,48,42,0,0,14,0,22,0,52,49,102,143,80,0,0,5,20,22
"ASV599",0,0,0,0,0,0,0,0,0,0,0,0,0,0,0,0,0,0,0,0,0,0,0,0,0,0,0,0,0,0,0,0,0,0,0,0,0,0,36,24,0,0,0,0,0
"ASV359",0,0,0,0,0,0,0,17,0,12,6,11,1,0,0,16,1,20,1,0,0,0,0,5,5,1,30,0,0,0,37,21,20,12,2,3,4,8,7,5,0,0,0,0,0
"ASV192",0,0,0,0,0,0,0,0,0,0,0,0,48,42,77,0,78,0,74,0,0,0,0,111,406,112,0,98,71,0,0,0,0,0,99,63,81,67,86,54,0,0,0,0,0
"ASV340",0,0,0,0,0,0,0,0,0,0,0,0,0,0,25,0,0,0,0,0,0,0,0,33,118,29,0,0,0,0,0,0,0,0,40,0,0,24,23,0,0,0,0,0,0
"ASV162",0,0,0,0,0,0,0,0,0,0,0,0,73,112,104,122,147,61,220,0,0,0,0,105,170,479,321,133,81,0,0,0,0,0,37,8,12,20,47,14,0,0,0,0,0
"ASV263",0,0,0,0,0,0,0,0,0,0,0,0,14,32,32,41,37,13,77,0,0,0,3,22,54,102,73,43,38,2,0,0,0,0,12,0,7,7,13,4,0,0,0,0,0
"ASV113",0,0,0,0,0,0,0,20,27,27,15,25,43,107,84,81,158,60,127,0,0,0,0,509,845,1072,1027,532,458,0,20,0,17,18,10,0,0,0,9,0,0,0,0,0,0
"ASV17",382,3314,2510,2671,1783,1856,1312,906,2036,2157,1255,1801,668,1486,1021,793,1509,480,1783,710,975,781,696,292,303,507,1187,368,268,15368,7211,8094,7043,9534,1869,1609,5514,5750,7223,2509,893,1061,685,2072,1712
"ASV160",0,0,0,0,0,0,0,0,0,0,0,0,0,0,33,0,72,0,0,0,0,0,0,36,32,46,117,29,26,0,0,0,0,0,124,141,396,428,522,177,59,60,0,118,91
"ASV118",82,114,73,82,0,48,0,48,53,58,0,92,62,36,28,59,72,28,109,0,0,0,35,106,198,246,191,141,74,308,92,0,0,134,404,81,203,240,384,148,213,364,45,154,155
"ASV301",1,7,2,3,36,2,27,2,1,0,28,0,0,2,5,0,1,0,1,16,22,16,0,7,11,0,1,0,0,23,6,48,43,9,6,1,17,25,19,9,2,8,1,1,0
"ASV111",200,366,158,206,150,128,84,41,45,46,35,60,42,0,0,51,39,21,72,101,117,53,153,26,52,72,45,48,33,237,118,75,104,168,202,68,190,219,316,125,282,300,77,329,162
"ASV224",52,108,40,41,50,0,27,20,0,0,0,0,0,0,0,0,0,0,0,95,68,39,69,0,0,27,0,0,0,0,0,0,0,0,63,0,49,45,49,0,86,110,0,83,60
"ASV412",0,0,0,0,0,0,0,0,0,0,0,0,0,0,0,0,0,0,0,0,0,0,0,0,0,0,0,0,0,0,0,0,0,0,0,0,0,0,0,0,54,67,0,46,0
"ASV100",270,479,243,265,186,148,108,20,26,31,0,66,29,30,28,27,31,26,65,59,65,29,102,23,62,100,57,47,0,195,72,52,77,139,578,259,681,718,913,351,214,208,65,224,197
"ASV484",0,0,0,0,0,0,0,0,0,0,0,0,0,0,0,0,0,0,0,0,0,0,0,0,48,0,55,0,0,0,0,0,0,0,0,0,0,0,0,0,0,0,0,0,0
"ASV244",0,0,0,0,0,0,0,13,24,34,10,48,18,29,10,10,30,20,54,0,7,0,13,67,91,38,82,56,29,33,5,8,6,13,33,18,26,26,34,16,0,0,0,0,0
"ASV33",1878,2008,987,1589,1219,1006,710,220,333,297,251,667,1058,260,195,638,502,656,1530,3112,1909,2590,2230,2477,2012,5801,4286,2184,1566,2099,189,376,285,832,3184,1057,1832,2277,3277,1263,1255,672,769,1847,1587
"ASV84",198,423,190,276,220,149,113,105,170,190,115,325,47,0,0,0,0,0,0,544,344,555,488,548,323,1286,888,436,375,398,34,44,0,78,261,96,180,209,268,119,201,108,118,210,235
"ASV492",0,0,0,0,0,0,0,0,0,0,0,0,0,0,0,0,0,14,0,0,0,0,85,0,0,0,0,0,0,0,0,0,0,0,0,0,0,0,0,0,0,0,0,0,0
"ASV805",0,0,0,0,0,0,0,0,0,0,0,0,13,0,10,0,0,1,0,0,0,0,0,0,0,0,0,0,0,0,0,0,0,0,0,0,0,0,0,0,0,0,0,0,0
"ASV1040",0,0,0,0,0,0,0,0,0,0,0,0,0,0,0,0,0,0,0,0,0,0,0,0,0,0,0,0,0,0,0,0,0,0,0,0,0,0,0,0,5,0,0,7,0
"ASV172",0,0,0,0,0,0,0,152,156,216,61,261,61,39,10,192,34,76,230,0,0,0,6,10,0,0,55,78,18,0,24,75,45,57,10,10,0,33,33,41,0,0,0,0,0
"ASV233",0,0,0,0,0,0,0,92,86,124,45,201,34,0,0,110,0,63,144,0,0,0,0,0,0,0,0,0,0,15,0,44,41,38,0,0,0,0,0,0,0,0,0,0,0
"ASV662",0,0,0,0,0,0,0,0,0,0,0,0,0,0,0,0,0,0,0,0,0,0,0,7,10,0,5,15,7,0,0,0,0,0,0,0,0,0,0,0,0,0,0,0,0
"ASV94",377,43,49,200,163,199,124,117,234,493,295,700,57,0,62,115,7,33,122,255,130,177,192,81,113,0,95,106,55,698,0,231,97,281,274,77,130,280,351,188,413,181,198,305,557
"ASV97",143,37,97,236,196,256,147,95,168,323,145,437,38,44,15,205,13,88,152,115,96,131,173,47,103,0,181,147,58,368,64,124,272,181,266,106,58,127,199,158,321,43,335,478,1308
"ASV321",30,0,0,0,0,11,0,0,0,0,0,0,0,0,0,11,0,10,3,0,0,0,0,0,0,0,0,0,0,0,0,0,0,0,0,0,0,0,0,0,41,0,46,37,132
"ASV441",0,0,0,0,0,34,0,0,0,0,0,0,0,0,0,55,0,0,53,0,0,0,0,0,0,0,0,0,0,0,0,0,0,0,0,0,0,0,0,0,0,0,0,0,0
"ASV239",28,0,0,0,0,40,0,0,0,0,0,48,0,0,0,90,0,0,46,46,42,42,56,0,0,0,37,35,0,78,0,0,0,0,0,0,0,0,0,0,60,0,41,58,196
"ASV770",0,0,0,0,0,0,0,0,0,0,0,0,0,0,0,0,0,10,18,0,0,0,0,0,0,0,0,0,0,0,0,0,0,0,0,0,0,0,0,0,0,0,0,0,0
"ASV452",0,0,0,0,0,0,0,0,0,0,0,0,0,0,0,0,0,0,0,0,0,0,0,0,0,0,0,0,0,28,0,34,19,49,0,0,0,0,0,0,0,0,0,0,0
"ASV297",0,0,0,0,0,0,0,0,0,0,0,0,0,0,0,0,0,0,0,0,0,0,0,0,0,0,0,0,0,0,0,0,0,0,72,31,51,80,121,74,0,0,0,0,0
"ASV182",35,12,9,20,13,15,12,0,0,0,0,0,97,22,0,51,76,33,63,15,32,8,37,33,101,374,83,52,36,339,0,47,9,58,0,0,0,0,0,0,40,8,15,44,30
"ASV310",0,0,0,0,0,0,0,27,62,81,70,131,0,0,0,0,0,0,0,0,0,0,0,0,0,0,0,0,0,0,0,0,0,0,0,0,0,0,0,0,0,0,0,0,0
"ASV386",0,0,0,0,0,0,0,0,0,0,0,0,0,0,0,0,0,0,0,0,0,0,0,12,8,0,97,44,21,16,0,0,0,0,0,0,0,0,0,0,0,0,0,0,0
"ASV721",0,0,0,0,0,0,0,0,0,0,0,0,0,0,0,0,0,0,0,0,0,0,0,0,6,0,10,14,5,0,0,0,0,0,0,0,0,0,0,0,0,0,0,0,0
"ASV666",0,0,0,0,0,0,0,0,0,0,0,0,0,0,0,18,0,7,18,0,0,0,0,0,0,0,0,0,0,0,0,0,0,0,0,0,0,0,0,0,0,0,0,0,0
"ASV260",0,0,0,0,0,0,0,0,0,0,0,0,0,0,0,0,0,0,0,0,0,0,0,0,0,0,0,0,0,0,0,0,0,0,178,35,79,154,174,97,0,0,0,0,0
"ASV495",0,0,0,0,0,0,0,0,0,0,0,0,0,0,0,0,0,0,0,0,0,0,0,0,0,0,0,0,0,0,0,0,0,0,40,0,0,28,29,0,0,0,0,0,0
"ASV75",426,632,383,324,369,324,240,102,315,500,202,419,38,17,28,136,67,54,92,126,133,132,145,164,165,273,294,256,163,641,90,118,98,377,919,136,451,639,658,394,286,843,275,660,546
"ASV147",0,53,29,0,0,0,0,28,74,113,40,92,0,0,0,0,0,0,0,37,53,52,50,93,95,123,218,143,79,0,0,0,0,0,398,62,205,310,284,151,47,62,0,43,100
"ASV221",82,153,87,59,64,65,43,0,0,0,0,0,0,0,0,0,0,0,0,0,0,0,0,0,0,0,0,0,0,141,0,0,0,80,59,0,0,23,39,0,40,138,27,89,30
"ASV394",0,0,0,0,0,0,0,0,0,0,0,0,0,0,0,0,0,0,0,0,0,0,0,0,21,67,44,58,0,0,0,0,0,0,0,0,0,0,0,0,0,0,0,0,0
"ASV179",7,3,0,0,0,0,0,0,0,0,0,0,0,0,0,0,0,0,0,0,7,5,0,90,156,598,247,280,71,146,0,0,0,57,80,0,0,28,38,30,11,0,0,0,0
"ASV381",0,0,7,8,3,19,10,0,0,0,0,0,0,0,0,0,24,0,0,0,0,2,0,4,5,10,2,0,0,19,22,26,0,2,0,0,0,6,3,5,0,22,0,4,0
"ASV156",37,53,30,33,16,0,0,150,336,316,165,494,0,0,0,0,0,0,0,0,0,0,0,0,0,0,0,0,0,230,74,51,19,58,197,102,67,98,121,49,0,0,0,0,0
"ASV139",1,30,23,41,27,39,13,0,0,0,0,40,18,0,0,35,0,17,49,127,217,41,249,0,0,0,0,35,0,0,0,0,0,0,514,74,36,409,619,348,36,0,41,97,99
"ASV346",17,28,19,22,22,10,11,0,0,0,0,0,0,0,0,0,0,0,0,0,42,32,0,0,0,0,0,0,0,0,0,0,0,0,10,0,0,6,5,4,19,0,0,32,0
"ASV603",0,0,0,0,0,0,0,0,0,0,0,0,0,0,0,21,0,19,18,0,0,0,0,0,0,0,0,0,0,0,0,0,0,0,0,0,0,0,0,0,0,0,0,0,0
"ASV806",0,0,0,0,0,0,0,0,0,0,0,0,0,0,0,14,0,0,10,0,0,0,0,0,0,0,0,0,0,0,0,0,0,0,0,0,0,0,0,0,0,0,0,0,0
"ASV180",39,44,0,0,0,0,0,0,0,0,0,21,0,0,0,0,0,0,0,0,49,38,52,76,143,406,256,206,88,153,0,0,0,53,88,0,0,31,41,21,27,0,0,0,0
"ASV274",0,5,20,38,29,30,22,0,0,0,0,0,20,18,34,21,0,19,36,36,2,0,0,1,8,2,1,1,0,9,0,32,0,1,5,23,12,27,37,15,0,0,16,7,42
"ASV28",0,63,79,144,141,81,89,908,2304,5369,1659,6512,1608,302,453,1169,455,682,1718,170,107,93,1291,4405,2345,3016,25593,5852,3284,1410,364,564,260,570,1231,2042,1732,2817,3967,1635,34,0,157,316,807
"ASV151",0,0,28,0,0,0,0,0,183,332,137,483,0,0,0,63,0,56,90,0,0,0,118,0,0,0,193,0,0,0,0,0,0,0,0,158,176,278,380,111,0,0,0,0,96
